2026-10-04 23:38:23,402 INFO ray_clean: 38 input files, join=shuffle, address=auto
2026-10-04 23:38:24,433	INFO streaming_executor.py:214 -- Starting execution of Dataset dataset_034aKz2IiFPJMneGrBce94_0. Full logs are in /tmp/ray/session_2026-10-04_23-30-31_125775_1/logs/ray-data
2026-10-04 23:38:24,433	INFO streaming_executor.py:215 -- Execution plan of Dataset dataset_034aKz2IiFPJMneGrBce94_0: InputDataBuffer[Input] -> TaskPoolMapOperator[ListFiles] -> TaskPoolMapOperator[ReadFilesParquetV2->MapBatches(unify)], InputDataBuffer[Input] -> TaskPoolMapOperator[ListFiles] -> TaskPoolMapOperator[ReadFilesParquetV2->MapBatches(unify)], InputDataBuffer[Input] -> TaskPoolMapOperator[ListFiles] -> TaskPoolMapOperator[ReadFilesParquetV2->MapBatches(unify)], InputDataBuffer[Input] -> TaskPoolMapOperator[ListFiles] -> TaskPoolMapOperator[ReadFilesParquetV2->MapBatches(unify)], InputDataBuffer[Input] -> TaskPoolMapOperator[ListFiles] -> TaskPoolMapOperator[ReadFilesParquetV2->MapBatches(unify)], InputDataBuffer[Input] -> TaskPoolMapOperator[ListFiles] -> TaskPoolMapOperator[ReadFilesParquetV2->MapBatches(unify)], InputDataBuffer[Input] -> TaskPoolMapOperator[ListFiles] -> TaskPoolMapOperator[ReadFilesParquetV2->MapBatches(unify)], InputDataBuffer[Input] -> TaskPoolMapOperator[ListFiles] -> TaskPoolMapOperator[ReadFilesParquetV2->MapBatches(unify)], InputDataBuffer[Input] -> TaskPoolMapOperator[ListFiles] -> TaskPoolMapOperator[ReadFilesParquetV2->MapBatches(unify)], InputDataBuffer[Input] -> TaskPoolMapOperator[ListFiles] -> TaskPoolMapOperator[ReadFilesParquetV2->MapBatches(unify)], InputDataBuffer[Input] -> TaskPoolMapOperator[ListFiles] -> TaskPoolMapOperator[ReadFilesParquetV2->MapBatches(unify)], InputDataBuffer[Input] -> TaskPoolMapOperator[ListFiles] -> TaskPoolMapOperator[ReadFilesParquetV2->MapBatches(unify)], InputDataBuffer[Input] -> TaskPoolMapOperator[ListFiles] -> TaskPoolMapOperator[ReadFilesParquetV2->MapBatches(unify)], InputDataBuffer[Input] -> TaskPoolMapOperator[ListFiles] -> TaskPoolMapOperator[ReadFilesParquetV2->MapBatches(unify)], InputDataBuffer[Input] -> TaskPoolMapOperator[ListFiles] -> TaskPoolMapOperator[ReadFilesParquetV2->MapBatches(unify)], InputDataBuffer[Input] -> TaskPoolMapOperator[ListFiles] -> TaskPoolMapOperator[ReadFilesParquetV2->MapBatches(unify)], InputDataBuffer[Input] -> TaskPoolMapOperator[ListFiles] -> TaskPoolMapOperator[ReadFilesParquetV2->MapBatches(unify)], InputDataBuffer[Input] -> TaskPoolMapOperator[ListFiles] -> TaskPoolMapOperator[ReadFilesParquetV2->MapBatches(unify)], InputDataBuffer[Input] -> TaskPoolMapOperator[ListFiles] -> TaskPoolMapOperator[ReadFilesParquetV2->MapBatches(unify)], InputDataBuffer[Input] -> TaskPoolMapOperator[ListFiles] -> TaskPoolMapOperator[ReadFilesParquetV2->MapBatches(unify)], InputDataBuffer[Input] -> TaskPoolMapOperator[ListFiles] -> TaskPoolMapOperator[ReadFilesParquetV2->MapBatches(unify)], InputDataBuffer[Input] -> TaskPoolMapOperator[ListFiles] -> TaskPoolMapOperator[ReadFilesParquetV2->MapBatches(unify)], InputDataBuffer[Input] -> TaskPoolMapOperator[ListFiles] -> TaskPoolMapOperator[ReadFilesParquetV2->MapBatches(unify)], InputDataBuffer[Input] -> TaskPoolMapOperator[ListFiles] -> TaskPoolMapOperator[ReadFilesParquetV2->MapBatches(unify)], InputDataBuffer[Input] -> TaskPoolMapOperator[ListFiles] -> TaskPoolMapOperator[ReadFilesParquetV2->MapBatches(unify)], InputDataBuffer[Input] -> TaskPoolMapOperator[ListFiles] -> TaskPoolMapOperator[ReadFilesParquetV2->MapBatches(unify)], InputDataBuffer[Input] -> TaskPoolMapOperator[ListFiles] -> TaskPoolMapOperator[ReadFilesParquetV2->MapBatches(unify)], InputDataBuffer[Input] -> TaskPoolMapOperator[ListFiles] -> TaskPoolMapOperator[ReadFilesParquetV2->MapBatches(unify)], InputDataBuffer[Input] -> TaskPoolMapOperator[ListFiles] -> TaskPoolMapOperator[ReadFilesParquetV2->MapBatches(unify)], InputDataBuffer[Input] -> TaskPoolMapOperator[ListFiles] -> TaskPoolMapOperator[ReadFilesParquetV2->MapBatches(unify)], InputDataBuffer[Input] -> TaskPoolMapOperator[ListFiles] -> TaskPoolMapOperator[ReadFilesParquetV2->MapBatches(unify)], InputDataBuffer[Input] -> TaskPoolMapOperator[ListFiles] -> TaskPoolMapOperator[ReadFilesParquetV2->MapBatches(unify)], InputDataBuffer[Input] -> TaskPoolMapOperator[ListFiles] -> TaskPoolMapOperator[ReadFilesParquetV2->MapBatches(unify)], InputDataBuffer[Input] -> TaskPoolMapOperator[ListFiles] -> TaskPoolMapOperator[ReadFilesParquetV2->MapBatches(unify)], InputDataBuffer[Input] -> TaskPoolMapOperator[ListFiles] -> TaskPoolMapOperator[ReadFilesParquetV2->MapBatches(unify)], InputDataBuffer[Input] -> TaskPoolMapOperator[ListFiles] -> TaskPoolMapOperator[ReadFilesParquetV2->MapBatches(unify)], InputDataBuffer[Input] -> TaskPoolMapOperator[ListFiles] -> TaskPoolMapOperator[ReadFilesParquetV2->MapBatches(unify)], InputDataBuffer[Input] -> TaskPoolMapOperator[ListFiles] -> TaskPoolMapOperator[ReadFilesParquetV2->MapBatches(unify)] -> UnionOperator[UnionOperator(MapBatches(unify), MapBatches(unify), MapBatches(unify), MapBatches(unify), MapBatches(unify), MapBatches(unify), MapBatches(unify), MapBatches(unify), MapBatches(unify), MapBatches(unify), MapBatches(unify), MapBatches(unify), MapBatches(unify), MapBatches(unify), MapBatches(unify), MapBatches(unify), MapBatches(unify), MapBatches(unify), MapBatches(unify), MapBatches(unify), MapBatches(unify), MapBatches(unify), MapBatches(unify), MapBatches(unify), MapBatches(unify), MapBatches(unify), MapBatches(unify), MapBatches(unify), MapBatches(unify), MapBatches(unify), MapBatches(unify), MapBatches(unify), MapBatches(unify), MapBatches(unify), MapBatches(unify), MapBatches(unify), MapBatches(unify), MapBatches(unify))] -> TaskPoolMapOperator[MapBatches(cleanse)] -> ShuffleMapOp[HashShuffleMap(keys=('vendor_id', 'pickup_datetime', 'dropoff_datetime', 'passenger_count', 'trip_distance', 'ratecode_id', 'store_and_fwd_flag', 'pu_location_id', 'do_location_id', 'payment_type', 'fare_amount', 'extra', 'mta_tax', 'tip_amount', 'tolls_amount', 'improvement_surcharge', 'total_amount', 'congestion_surcharge', 'airport_fee'), partitions=200)] -> ShuffleReduceOp[HashShuffleReduce(keys=('vendor_id', 'pickup_datetime', 'dropoff_datetime', 'passenger_count', 'trip_distance', 'ratecode_id', 'store_and_fwd_flag', 'pu_location_id', 'do_location_id', 'payment_type', 'fare_amount', 'extra', 'mta_tax', 'tip_amount', 'tolls_amount', 'improvement_surcharge', 'total_amount', 'congestion_surcharge', 'airport_fee'), partitions=200)->MapBatches(drop_duplicate_rows)->MapBatches(format_timestamps)] -> ShuffleMapOp[JoinShuffleMapLeft(keys=('pu_location_id',), parts=200)], InputDataBuffer[Input] -> ShuffleMapOp[JoinShuffleMapRight(keys=('pu_location_id',), parts=200)] -> ShuffleReduceOp[JoinShuffleReduce(num_partitions=200)] -> ShuffleMapOp[JoinShuffleMapLeft(keys=('do_location_id',), parts=200)], InputDataBuffer[Input] -> ShuffleMapOp[JoinShuffleMapRight(keys=('do_location_id',), parts=200)] -> ShuffleReduceOp[JoinShuffleReduce(num_partitions=200)->MapBatches(apply_udf)->MapBatches(speed_filter)->MapBatches(to_output)->Write]
2026-10-04 23:38:24,435	WARNING __init__.py:28 -- Progress bars disabled. To enable, set `ray.data.DataContext.get_current().enable_progress_bars = True`.
[33m(raylet)[0m Task _map_task failed due to oom. There are infinite oom retries remaining, so the task will be retried. Error: 1 worker(s) were killed due to the node running low on memory. Memory on the node (IP: 172.21.0.3, ID: 9fe5c3a4104087b4491fcf7d901671225b07b6d313cd2c02470f960a) was 7.62GB / 8.00GB (0.952967)
OOM kill reason: Memory usage 8186167296B exceeded threshold of 8160437760B (95.0% of 8589934592B total)
Object store memory usage: [- objects spillable: 67
- bytes spillable: 2272723115
- objects unsealed: 0
- bytes unsealed: 0
- objects in use: 79
- bytes in use: 2272810307
- objects evictable: 0
- bytes evictable: 0

- objects created by worker: 67
- bytes created by worker: 2272723115
- objects restored: 0
- bytes restored: 0
- objects received: 12
- bytes received: 87192
- objects errored: 0
- bytes errored: 0

Eviction Stats:
(global lru) capacity: 2500000000
(global lru) used: 0%
(global lru) num objects: 0
(global lru) num evictions: 9191
(global lru) bytes evicted: 134880294197]
Ray killed 1 worker(s) based on the killing policy
Considered workers: [
Selected to kill: (Task: job ID=04000000, lease ID=c700000004000000ffffffffffffffffffffffffffffffffffffffffffffffff, task name=ReadFilesParquetV2->MapBatches(unify), required resources={CPU: 1}, pid=86325, actual memory used=0.67GB, worker ID=89f68eed28c69f6ce6591ae052a9f7f35b709e658e641e008c9b3999)
(Task: job ID=04000000, lease ID=b900000004000000ffffffffffffffffffffffffffffffffffffffffffffffff, task name=ReadFilesParquetV2->MapBatches(unify), required resources={CPU: 1}, pid=85513, actual memory used=0.99GB, worker ID=3e3ed8132bd2fb60489e0d99069568030878db858f6a1e243f102641)
(Task: job ID=04000000, lease ID=b500000004000000ffffffffffffffffffffffffffffffffffffffffffffffff, task name=ReadFilesParquetV2->MapBatches(unify), required resources={CPU: 1}, pid=84577, actual memory used=0.95GB, worker ID=2f76aae9fc7af8c0e36932907e6048840966f094814c35ac920bd178)
(Task: job ID=04000000, lease ID=c500000004000000ffffffffffffffffffffffffffffffffffffffffffffffff, task name=ReadFilesParquetV2->MapBatches(unify), required resources={CPU: 1}, pid=84563, actual memory used=0.73GB, worker ID=04cfd2041b08ef2f48baf2c05d5e6e76cd6e922be34a621709e28c67)
(Task: job ID=04000000, lease ID=c100000004000000ffffffffffffffffffffffffffffffffffffffffffffffff, task name=ReadFilesParquetV2->MapBatches(unify), required resources={CPU: 1}, pid=84564, actual memory used=0.70GB, worker ID=8fc266ca7f50b298b421f707e845c1a446389d55038f93a556fe2207)
(Task: job ID=04000000, lease ID=bd00000004000000ffffffffffffffffffffffffffffffffffffffffffffffff, task name=ReadFilesParquetV2->MapBatches(unify), required resources={CPU: 1}, pid=84565, actual memory used=0.74GB, worker ID=99e71cdea99fc4ac423b0a89522a290f5fad399a16b7c7561616f572)
]
Total non-selected idle workers: 0
Total non-selected idle workers USS bytes: 0.00GB
To see more information about memory usage on this node, use `ray logs raylet.out -ip 172.21.0.3`
Top 10 memory users: PID	MEM(GB)	COMMAND
85513	0.99	ray::ReadFilesParquetV2->MapBatches(unify)
84577	0.95	ray::ReadFilesParquetV2->MapBatches(unify)
84565	0.74	ray::ReadFilesParquetV2->MapBatches(unify)
84563	0.73	ray::ReadFilesParquetV2->MapBatches(unify)
84564	0.70	ray::ReadFilesParquetV2->MapBatches(unify)
86325	0.67	ray::ReadFilesParquetV2->MapBatches(unify)
48	0.08	/usr/local/lib/python3.13/site-packages/ray/core/src/ray/raylet/raylet --raylet_socket_name=/tmp/ray...
6948	0.04	ray::IDLE_SpillWorker
24003	0.03	ray::IDLE_RestoreWorker
6450	0.03	ray::IDLE_SpillWorker
Refer to the documentation on how to address the out of memory issue: https://docs.ray.io/en/latest/ray-observability/user-guides/debug-apps/debug-memory.html. Consider provisioning more memory on this node or reducing task parallelism by requesting more CPUs per task. To adjust the kill threshold, set the environment variable `RAY_memory_usage_threshold` when starting Ray. To disable worker killing, set the environment variable `RAY_memory_monitor_refresh_ms` to zero. Since 2.56, Ray updated the oom killing policy to enabling killing multiple workers and selecting workers based on the time since the task start executing. To revert to the legacy policy of determining worker to oom kill based on owner group size or only selecting a single worker to kill at a time, set the environment variable `RAY_worker_killing_policy_by_group` to true before starting Ray. If the idle workers have a non-trivial memory footprint at the time of OOM (check OOM log for non-selected idle workers), consider setting the environment variable `RAY_idle_worker_killing_memory_threshold_bytes` to a lower value to consider idle workers with lower memory footprint for killing.
[33m(raylet, ip=172.21.0.3)[0m [2026-10-04 23:39:33,865 E 48 48] (raylet) node_manager.cc:3496: 4 Workers (tasks / actors) killed due to memory pressure (OOM), 0 Workers crashed due to other reasons at node (ID: 9fe5c3a4104087b4491fcf7d901671225b07b6d313cd2c02470f960a, IP: 172.21.0.3) over the last time period. To see more information about the Workers killed on this node, use `ray logs raylet.out -ip 172.21.0.3`
[33m(raylet, ip=172.21.0.3)[0m 
[33m(raylet, ip=172.21.0.3)[0m Refer to the documentation on how to address the out of memory issue: https://docs.ray.io/en/latest/ray-observability/user-guides/debug-apps/debug-memory.html. Consider provisioning more memory on this node or reducing task parallelism by requesting more CPUs per task. To adjust the kill threshold, set the environment variable `RAY_memory_usage_threshold` when starting Ray. To disable worker killing, set the environment variable `RAY_memory_monitor_refresh_ms` to zero. Since 2.56, Ray updated the oom killing policy to enabling killing multiple workers and selecting workers based on the time since the task start executing. To revert to the legacy policy of determining worker to oom kill based on owner group size or only selecting a single worker to kill at a time, set the environment variable `RAY_worker_killing_policy_by_group` to true before starting Ray. If the idle workers have a non-trivial memory footprint at the time of OOM (check OOM log for non-selected idle workers), consider setting the environment variable `RAY_idle_worker_killing_memory_threshold_bytes` to a lower value to consider idle workers with lower memory footprint for killing.
[33m(raylet, ip=172.21.0.4)[0m 
[33m(raylet, ip=172.21.0.3)[0m 
[33m(raylet, ip=172.21.0.3)[0m [2026-10-04 23:40:33,878 E 48 48] (raylet) node_manager.cc:3496: 3 Workers (tasks / actors) killed due to memory pressure (OOM), 0 Workers crashed due to other reasons at node (ID: 9fe5c3a4104087b4491fcf7d901671225b07b6d313cd2c02470f960a, IP: 172.21.0.3) over the last time period. To see more information about the Workers killed on this node, use `ray logs raylet.out -ip 172.21.0.3`[32m [repeated 2x across cluster] (Ray deduplicates logs by default. Set RAY_DEDUP_LOGS=0 to disable log deduplication, or see https://docs.ray.io/en/master/ray-observability/user-guides/configure-logging.html#log-deduplication for more options.)[0m
[33m(raylet, ip=172.21.0.3)[0m Refer to the documentation on how to address the out of memory issue: https://docs.ray.io/en/latest/ray-observability/user-guides/debug-apps/debug-memory.html. Consider provisioning more memory on this node or reducing task parallelism by requesting more CPUs per task. To adjust the kill threshold, set the environment variable `RAY_memory_usage_threshold` when starting Ray. To disable worker killing, set the environment variable `RAY_memory_monitor_refresh_ms` to zero. Since 2.56, Ray updated the oom killing policy to enabling killing multiple workers and selecting workers based on the time since the task start executing. To revert to the legacy policy of determining worker to oom kill based on owner group size or only selecting a single worker to kill at a time, set the environment variable `RAY_worker_killing_policy_by_group` to true before starting Ray. If the idle workers have a non-trivial memory footprint at the time of OOM (check OOM log for non-selected idle workers), consider setting the environment variable `RAY_idle_worker_killing_memory_threshold_bytes` to a lower value to consider idle workers with lower memory footprint for killing.[32m [repeated 2x across cluster][0m
[33m(raylet, ip=172.21.0.4)[0m 
[33m(raylet, ip=172.21.0.4)[0m [2026-10-04 23:41:33,909 E 48 48] (raylet) node_manager.cc:3496: 3 Workers (tasks / actors) killed due to memory pressure (OOM), 0 Workers crashed due to other reasons at node (ID: 6d4f060467f644eee7a82eeab777caf931596072d32ddb2b54bd8963, IP: 172.21.0.4) over the last time period. To see more information about the Workers killed on this node, use `ray logs raylet.out -ip 172.21.0.4`
[33m(raylet, ip=172.21.0.4)[0m Refer to the documentation on how to address the out of memory issue: https://docs.ray.io/en/latest/ray-observability/user-guides/debug-apps/debug-memory.html. Consider provisioning more memory on this node or reducing task parallelism by requesting more CPUs per task. To adjust the kill threshold, set the environment variable `RAY_memory_usage_threshold` when starting Ray. To disable worker killing, set the environment variable `RAY_memory_monitor_refresh_ms` to zero. Since 2.56, Ray updated the oom killing policy to enabling killing multiple workers and selecting workers based on the time since the task start executing. To revert to the legacy policy of determining worker to oom kill based on owner group size or only selecting a single worker to kill at a time, set the environment variable `RAY_worker_killing_policy_by_group` to true before starting Ray. If the idle workers have a non-trivial memory footprint at the time of OOM (check OOM log for non-selected idle workers), consider setting the environment variable `RAY_idle_worker_killing_memory_threshold_bytes` to a lower value to consider idle workers with lower memory footprint for killing.
[33m(raylet, ip=172.21.0.3)[0m [2026-10-04 23:41:33,879 E 48 48] (raylet) node_manager.cc:3496: 6 Workers (tasks / actors) killed due to memory pressure (OOM), 0 Workers crashed due to other reasons at node (ID: 9fe5c3a4104087b4491fcf7d901671225b07b6d313cd2c02470f960a, IP: 172.21.0.3) over the last time period. To see more information about the Workers killed on this node, use `ray logs raylet.out -ip 172.21.0.3`
[33m(raylet, ip=172.21.0.3)[0m 
[33m(raylet, ip=172.21.0.3)[0m Refer to the documentation on how to address the out of memory issue: https://docs.ray.io/en/latest/ray-observability/user-guides/debug-apps/debug-memory.html. Consider provisioning more memory on this node or reducing task parallelism by requesting more CPUs per task. To adjust the kill threshold, set the environment variable `RAY_memory_usage_threshold` when starting Ray. To disable worker killing, set the environment variable `RAY_memory_monitor_refresh_ms` to zero. Since 2.56, Ray updated the oom killing policy to enabling killing multiple workers and selecting workers based on the time since the task start executing. To revert to the legacy policy of determining worker to oom kill based on owner group size or only selecting a single worker to kill at a time, set the environment variable `RAY_worker_killing_policy_by_group` to true before starting Ray. If the idle workers have a non-trivial memory footprint at the time of OOM (check OOM log for non-selected idle workers), consider setting the environment variable `RAY_idle_worker_killing_memory_threshold_bytes` to a lower value to consider idle workers with lower memory footprint for killing.
[33m(raylet)[0m Task _shuffle_reduce_task failed due to oom. There are infinite oom retries remaining, so the task will be retried. Error: 1 worker(s) were killed due to the node running low on memory. Memory on the node (IP: 172.21.0.4, ID: 6d4f060467f644eee7a82eeab777caf931596072d32ddb2b54bd8963) was 7.65GB / 8.00GB (0.956645)
OOM kill reason: Memory usage 8218759168B exceeded threshold of 8160437760B (95.0% of 8589934592B total)
Object store memory usage: [- objects spillable: 141
- bytes spillable: 2296501704
- objects unsealed: 0
- bytes unsealed: 0
- objects in use: 141
- bytes in use: 2296501704
- objects evictable: 0
- bytes evictable: 0

- objects created by worker: 141
- bytes created by worker: 2296501704
- objects restored: 0
- bytes restored: 0
- objects received: 0
- bytes received: 0
- objects errored: 0
- bytes errored: 0

Eviction Stats:
(global lru) capacity: 2500000000
(global lru) used: 0%
(global lru) num objects: 0
(global lru) num evictions: 12327
(global lru) bytes evicted: 161354702141]
Ray killed 1 worker(s) based on the killing policy
Considered workers: [
Selected to kill: (Task: job ID=04000000, lease ID=0608000004000000ffffffffffffffffffffffffffffffffffffffffffffffff, task name=JoinShuffleReduce(num_partitions=200), required resources={memory: 1.06934e+09, CPU: 1}, pid=138539, actual memory used=1.18GB, worker ID=e485c32de4b8793e733575d6bb722931142ebe1b2371ae0d1e668d08)
(Task: job ID=04000000, lease ID=f207000004000000ffffffffffffffffffffffffffffffffffffffffffffffff, task name=JoinShuffleReduce(num_partitions=200), required resources={memory: 1.92868e+09, CPU: 1}, pid=138540, actual memory used=2.16GB, worker ID=2ff70b5d6e5784f5e0296d8793ca95b538823943812a9604d41ca88f)
(Task: job ID=04000000, lease ID=0208000004000000ffffffffffffffffffffffffffffffffffffffffffffffff, task name=JoinShuffleReduce(num_partitions=200), required resources={memory: 1.10587e+09, CPU: 1}, pid=138537, actual memory used=1.34GB, worker ID=26c4f199b063965416a2c0a03a0c856956c735e595930e0fb557a3d1)
]
Total non-selected idle workers: 0
Total non-selected idle workers USS bytes: 0.00GB
To see more information about memory usage on this node, use `ray logs raylet.out -ip 172.21.0.4`
Top 10 memory users: PID	MEM(GB)	COMMAND
138540	2.16	ray::JoinShuffleReduce(num_partitions=200)
138537	1.34	ray::IDLE
138539	1.18	ray::JoinShuffleReduce(num_partitions=200)
48	0.19	/usr/local/lib/python3.13/site-packages/ray/core/src/ray/raylet/raylet --raylet_socket_name=/tmp/ray...
6863	0.07	ray::IDLE_SpillWorker
23189	0.03	ray::IDLE_RestoreWorker
23831	0.03	ray::IDLE_RestoreWorker
23830	0.03	ray::IDLE_RestoreWorker
23235	0.03	ray::IDLE_RestoreWorker
6910	0.03	ray::IDLE_SpillWorker
Refer to the documentation on how to address the out of memory issue: https://docs.ray.io/en/latest/ray-observability/user-guides/debug-apps/debug-memory.html. Consider provisioning more memory on this node or reducing task parallelism by requesting more CPUs per task. To adjust the kill threshold, set the environment variable `RAY_memory_usage_threshold` when starting Ray. To disable worker killing, set the environment variable `RAY_memory_monitor_refresh_ms` to zero. Since 2.56, Ray updated the oom killing policy to enabling killing multiple workers and selecting workers based on the time since the task start executing. To revert to the legacy policy of determining worker to oom kill based on owner group size or only selecting a single worker to kill at a time, set the environment variable `RAY_worker_killing_policy_by_group` to true before starting Ray. If the idle workers have a non-trivial memory footprint at the time of OOM (check OOM log for non-selected idle workers), consider setting the environment variable `RAY_idle_worker_killing_memory_threshold_bytes` to a lower value to consider idle workers with lower memory footprint for killing.
[33m(raylet, ip=172.21.0.4)[0m 
[33m(raylet, ip=172.21.0.4)[0m [2026-10-04 23:42:33,913 E 48 48] (raylet) node_manager.cc:3496: 4 Workers (tasks / actors) killed due to memory pressure (OOM), 0 Workers crashed due to other reasons at node (ID: 6d4f060467f644eee7a82eeab777caf931596072d32ddb2b54bd8963, IP: 172.21.0.4) over the last time period. To see more information about the Workers killed on this node, use `ray logs raylet.out -ip 172.21.0.4`
[33m(raylet, ip=172.21.0.4)[0m Refer to the documentation on how to address the out of memory issue: https://docs.ray.io/en/latest/ray-observability/user-guides/debug-apps/debug-memory.html. Consider provisioning more memory on this node or reducing task parallelism by requesting more CPUs per task. To adjust the kill threshold, set the environment variable `RAY_memory_usage_threshold` when starting Ray. To disable worker killing, set the environment variable `RAY_memory_monitor_refresh_ms` to zero. Since 2.56, Ray updated the oom killing policy to enabling killing multiple workers and selecting workers based on the time since the task start executing. To revert to the legacy policy of determining worker to oom kill based on owner group size or only selecting a single worker to kill at a time, set the environment variable `RAY_worker_killing_policy_by_group` to true before starting Ray. If the idle workers have a non-trivial memory footprint at the time of OOM (check OOM log for non-selected idle workers), consider setting the environment variable `RAY_idle_worker_killing_memory_threshold_bytes` to a lower value to consider idle workers with lower memory footprint for killing.
[33m(raylet)[0m Task _shuffle_reduce_task failed due to oom. There are infinite oom retries remaining, so the task will be retried. Error: 3 worker(s) were killed due to the node running low on memory. Memory on the node (IP: 172.21.0.4, ID: 6d4f060467f644eee7a82eeab777caf931596072d32ddb2b54bd8963) was 8.00GB / 8.00GB (0.999734)
OOM kill reason: Memory usage 8427880448B exceeded threshold of 8160437760B (95.0% of 8589934592B total)
Object store memory usage: [- objects spillable: 157
- bytes spillable: 431322142
- objects unsealed: 0
- bytes unsealed: 0
- objects in use: 157
- bytes in use: 431322142
- objects evictable: 140
- bytes evictable: 441809400

- objects created by worker: 172
- bytes created by worker: 454573640
- objects restored: 71
- bytes restored: 228627184
- objects received: 54
- bytes received: 189930718
- objects errored: 0
- bytes errored: 0

Eviction Stats:
(global lru) capacity: 2500000000
(global lru) used: 17.6724%
(global lru) num objects: 140
(global lru) num evictions: 12854
(global lru) bytes evicted: 166400573174]
Ray killed 3 worker(s) based on the killing policy
Considered workers: [
Selected to kill: (Worker with no lease granted: pid=146797, actual memory used=0.27GB, worker ID=eed7980fba625a7d1fc9ec25b41fd12dc804dfc4113a883f44192c7c)
Selected to kill: (Worker with no lease granted: pid=146799, actual memory used=0.26GB, worker ID=aee487561c49faaf15d8f32ec77044549e91a86000d055451a607f0b)
Selected to kill: (Task: job ID=04000000, lease ID=7108000004000000ffffffffffffffffffffffffffffffffffffffffffffffff, task name=JoinShuffleReduce(num_partitions=200)->MapBatches(apply_udf)->MapBatches(speed_filter)->MapBatches(to_output)->Write, required resources={CPU: 1, memory: 1.12165e+09}, pid=138537, actual memory used=1.08GB, worker ID=26c4f199b063965416a2c0a03a0c856956c735e595930e0fb557a3d1)
(Task: job ID=04000000, lease ID=5b08000004000000ffffffffffffffffffffffffffffffffffffffffffffffff, task name=JoinShuffleReduce(num_partitions=200)->MapBatches(apply_udf)->MapBatches(speed_filter)->MapBatches(to_output)->Write, required resources={memory: 6.87083e+08, CPU: 1}, pid=146804, actual memory used=0.96GB, worker ID=f8213e36cac24f99b1a583a94a11e24b0bf373711b9da1b509e7b3f4)
(Task: job ID=04000000, lease ID=4f08000004000000ffffffffffffffffffffffffffffffffffffffffffffffff, task name=JoinShuffleReduce(num_partitions=200)->MapBatches(apply_udf)->MapBatches(speed_filter)->MapBatches(to_output)->Write, required resources={memory: 8.17623e+08, CPU: 1}, pid=138540, actual memory used=1.33GB, worker ID=2ff70b5d6e5784f5e0296d8793ca95b538823943812a9604d41ca88f)
(Task: job ID=04000000, lease ID=6308000004000000ffffffffffffffffffffffffffffffffffffffffffffffff, task name=JoinShuffleReduce(num_partitions=200)->MapBatches(apply_udf)->MapBatches(speed_filter)->MapBatches(to_output)->Write, required resources={CPU: 1, memory: 8.54234e+08}, pid=146798, actual memory used=1.10GB, worker ID=309332320d8cd7fa595f1641645831f817943cbe0b8271dc70c17b9e)
]
Total non-selected idle workers: 0
Total non-selected idle workers USS bytes: 0.00GB
To see more information about memory usage on this node, use `ray logs raylet.out -ip 172.21.0.4`
Top 10 memory users: PID	MEM(GB)	COMMAND
138540	1.33	ray::JoinShuffleReduce(num_partitions=200)->MapBatches(apply_udf)->MapBatches(speed_filter)->MapBatc...
146798	1.10	ray::JoinShuffleReduce(num_partitions=200)->MapBatches(apply_udf)->MapBatches(speed_filter)->MapBatc...
138537	1.08	ray::JoinShuffleReduce(num_partitions=200)->MapBatches(apply_udf)->MapBatches(speed_filter)->MapBatc...
146804	0.96	ray::JoinShuffleReduce(num_partitions=200)->MapBatches(apply_udf)->MapBatches(speed_filter)->MapBatc...
146797	0.27	ray::IDLE
48	0.27	/usr/local/lib/python3.13/site-packages/ray/core/src/ray/raylet/raylet --raylet_socket_name=/tmp/ray...
146799	0.26	ray::IDLE
6863	0.04	ray::IDLE_SpillWorker
23235	0.03	ray::IDLE_RestoreWorker
23830	0.03	ray::IDLE_RestoreWorker
Refer to the documentation on how to address the out of memory issue: https://docs.ray.io/en/latest/ray-observability/user-guides/debug-apps/debug-memory.html. Consider provisioning more memory on this node or reducing task parallelism by requesting more CPUs per task. To adjust the kill threshold, set the environment variable `RAY_memory_usage_threshold` when starting Ray. To disable worker killing, set the environment variable `RAY_memory_monitor_refresh_ms` to zero. Since 2.56, Ray updated the oom killing policy to enabling killing multiple workers and selecting workers based on the time since the task start executing. To revert to the legacy policy of determining worker to oom kill based on owner group size or only selecting a single worker to kill at a time, set the environment variable `RAY_worker_killing_policy_by_group` to true before starting Ray. If the idle workers have a non-trivial memory footprint at the time of OOM (check OOM log for non-selected idle workers), consider setting the environment variable `RAY_idle_worker_killing_memory_threshold_bytes` to a lower value to consider idle workers with lower memory footprint for killing.
[33m(raylet)[0m Task _shuffle_reduce_task failed due to oom. There are infinite oom retries remaining, so the task will be retried. Error: 1 worker(s) were killed due to the node running low on memory. Memory on the node (IP: 172.21.0.3, ID: 9fe5c3a4104087b4491fcf7d901671225b07b6d313cd2c02470f960a) was 7.99GB / 8.00GB (0.998486)
OOM kill reason: Memory usage 8211636224B exceeded threshold of 8160437760B (95.0% of 8589934592B total)
Object store memory usage: [- objects spillable: 198
- bytes spillable: 683709430
- objects unsealed: 0
- bytes unsealed: 0
- objects in use: 230
- bytes in use: 914744091
- objects evictable: 111
- bytes evictable: 368582170

- objects created by worker: 208
- bytes created by worker: 724457097
- objects restored: 42
- bytes restored: 197071550
- objects received: 91
- bytes received: 361797614
- objects errored: 0
- bytes errored: 0

Eviction Stats:
(global lru) capacity: 2500000000
(global lru) used: 14.7433%
(global lru) num objects: 111
(global lru) num evictions: 12447
(global lru) bytes evicted: 152514841048]
Ray killed 1 worker(s) based on the killing policy
Considered workers: [
Selected to kill: (Task: job ID=04000000, lease ID=8708000004000000ffffffffffffffffffffffffffffffffffffffffffffffff, task name=JoinShuffleReduce(num_partitions=200)->MapBatches(apply_udf)->MapBatches(speed_filter)->MapBatches(to_output)->Write, required resources={CPU: 1, memory: 1.91578e+09}, pid=142704, actual memory used=0.90GB, worker ID=78aa32e5cb6768ab3a9ef35f926cdc6aa47a24699dacc5613351ab57)
(Task: job ID=04000000, lease ID=7b08000004000000ffffffffffffffffffffffffffffffffffffffffffffffff, task name=JoinShuffleReduce(num_partitions=200)->MapBatches(apply_udf)->MapBatches(speed_filter)->MapBatches(to_output)->Write, required resources={memory: 1.35472e+09, CPU: 1}, pid=142707, actual memory used=1.71GB, worker ID=573511138688b1216a2be70d4b1a8c0190dc1cc94fe7f58a8de86cd8)
(Task: job ID=04000000, lease ID=7708000004000000ffffffffffffffffffffffffffffffffffffffffffffffff, task name=JoinShuffleReduce(num_partitions=200)->MapBatches(apply_udf)->MapBatches(speed_filter)->MapBatches(to_output)->Write, required resources={memory: 3.65953e+08, CPU: 1}, pid=142703, actual memory used=0.74GB, worker ID=87b4f8549d5ee2f97b6ea499e6a7abe890108fc39df62c460a5436b5)
(Task: job ID=04000000, lease ID=8508000004000000ffffffffffffffffffffffffffffffffffffffffffffffff, task name=JoinShuffleReduce(num_partitions=200)->MapBatches(apply_udf)->MapBatches(speed_filter)->MapBatches(to_output)->Write, required resources={CPU: 1, memory: 7.64043e+08}, pid=140456, actual memory used=0.63GB, worker ID=63908962c36bfc229de00e920ee82b3f64bfb4e9177c55ad370f997c)
(Task: job ID=04000000, lease ID=7508000004000000ffffffffffffffffffffffffffffffffffffffffffffffff, task name=JoinShuffleReduce(num_partitions=200)->MapBatches(apply_udf)->MapBatches(speed_filter)->MapBatches(to_output)->Write, required resources={memory: 4.95548e+08, CPU: 1}, pid=135658, actual memory used=0.98GB, worker ID=b63d55768a329210cd73b69291c735ad36926d5f632d86ee4b48fa29)
]
Total non-selected idle workers: 0
Total non-selected idle workers USS bytes: 0.00GB
To see more information about memory usage on this node, use `ray logs raylet.out -ip 172.21.0.3`
Top 10 memory users: PID	MEM(GB)	COMMAND
142707	1.71	ray::JoinShuffleReduce(num_partitions=200)->MapBatches(apply_udf)->MapBatches(speed_filter)->MapBatc...
135658	0.98	ray::JoinShuffleReduce(num_partitions=200)->MapBatches(apply_udf)->MapBatches(speed_filter)->MapBatc...
142704	0.90	ray::JoinShuffleReduce(num_partitions=200)->MapBatches(apply_udf)->MapBatches(speed_filter)->MapBatc...
142703	0.74	ray::IDLE
140456	0.63	ray::JoinShuffleReduce(num_partitions=200)->MapBatches(apply_udf)->MapBatches(speed_filter)->MapBatc...
48	0.22	/usr/local/lib/python3.13/site-packages/ray/core/src/ray/raylet/raylet --raylet_socket_name=/tmp/ray...
143058	0.04	ray::IDLE
143057	0.04	ray::IDLE
6948	0.03	ray::IDLE_SpillWorker
6450	0.03	ray::IDLE_SpillWorker
Refer to the documentation on how to address the out of memory issue: https://docs.ray.io/en/latest/ray-observability/user-guides/debug-apps/debug-memory.html. Consider provisioning more memory on this node or reducing task parallelism by requesting more CPUs per task. To adjust the kill threshold, set the environment variable `RAY_memory_usage_threshold` when starting Ray. To disable worker killing, set the environment variable `RAY_memory_monitor_refresh_ms` to zero. Since 2.56, Ray updated the oom killing policy to enabling killing multiple workers and selecting workers based on the time since the task start executing. To revert to the legacy policy of determining worker to oom kill based on owner group size or only selecting a single worker to kill at a time, set the environment variable `RAY_worker_killing_policy_by_group` to true before starting Ray. If the idle workers have a non-trivial memory footprint at the time of OOM (check OOM log for non-selected idle workers), consider setting the environment variable `RAY_idle_worker_killing_memory_threshold_bytes` to a lower value to consider idle workers with lower memory footprint for killing.
[33m(raylet)[0m Task _shuffle_reduce_task failed due to oom. There are infinite oom retries remaining, so the task will be retried. Error: 2 worker(s) were killed due to the node running low on memory. Memory on the node (IP: 172.21.0.3, ID: 9fe5c3a4104087b4491fcf7d901671225b07b6d313cd2c02470f960a) was 7.99GB / 8.00GB (0.998682)
OOM kill reason: Memory usage 8464461824B exceeded threshold of 8160437760B (95.0% of 8589934592B total)
Object store memory usage: [- objects spillable: 188
- bytes spillable: 676748775
- objects unsealed: 0
- bytes unsealed: 0
- objects in use: 206
- bytes in use: 780727987
- objects evictable: 107
- bytes evictable: 555548944

- objects created by worker: 199
- bytes created by worker: 705967046
- objects restored: 30
- bytes restored: 195533419
- objects received: 84
- bytes received: 434776466
- objects errored: 0
- bytes errored: 0

Eviction Stats:
(global lru) capacity: 2500000000
(global lru) used: 22.222%
(global lru) num objects: 107
(global lru) num evictions: 12447
(global lru) bytes evicted: 152514841048]
Ray killed 2 worker(s) based on the killing policy
Considered workers: [
Selected to kill: (Task: job ID=04000000, lease ID=9508000004000000ffffffffffffffffffffffffffffffffffffffffffffffff, task name=JoinShuffleReduce(num_partitions=200)->MapBatches(apply_udf)->MapBatches(speed_filter)->MapBatches(to_output)->Write, required resources={memory: 5.42641e+08, CPU: 1}, pid=135658, actual memory used=0.75GB, worker ID=b63d55768a329210cd73b69291c735ad36926d5f632d86ee4b48fa29)
Selected to kill: (Task: job ID=04000000, lease ID=8d08000004000000ffffffffffffffffffffffffffffffffffffffffffffffff, task name=JoinShuffleReduce(num_partitions=200)->MapBatches(apply_udf)->MapBatches(speed_filter)->MapBatches(to_output)->Write, required resources={CPU: 1, memory: 1.2646e+09}, pid=143058, actual memory used=0.42GB, worker ID=66387a721bcff8f81ecce13fcd7c1341e9eb1366d90bd602fbe6b02a)
(Task: job ID=04000000, lease ID=7b08000004000000ffffffffffffffffffffffffffffffffffffffffffffffff, task name=JoinShuffleReduce(num_partitions=200)->MapBatches(apply_udf)->MapBatches(speed_filter)->MapBatches(to_output)->Write, required resources={memory: 1.35472e+09, CPU: 1}, pid=142707, actual memory used=1.76GB, worker ID=573511138688b1216a2be70d4b1a8c0190dc1cc94fe7f58a8de86cd8)
(Task: job ID=04000000, lease ID=8b08000004000000ffffffffffffffffffffffffffffffffffffffffffffffff, task name=JoinShuffleReduce(num_partitions=200)->MapBatches(apply_udf)->MapBatches(speed_filter)->MapBatches(to_output)->Write, required resources={memory: 1.12165e+09, CPU: 1}, pid=142703, actual memory used=1.01GB, worker ID=87b4f8549d5ee2f97b6ea499e6a7abe890108fc39df62c460a5436b5)
(Task: job ID=04000000, lease ID=8508000004000000ffffffffffffffffffffffffffffffffffffffffffffffff, task name=JoinShuffleReduce(num_partitions=200)->MapBatches(apply_udf)->MapBatches(speed_filter)->MapBatches(to_output)->Write, required resources={CPU: 1, memory: 7.64043e+08}, pid=140456, actual memory used=1.05GB, worker ID=63908962c36bfc229de00e920ee82b3f64bfb4e9177c55ad370f997c)
]
Total non-selected idle workers: 2
Total non-selected idle workers USS bytes: 0.08GB
To see more information about memory usage on this node, use `ray logs raylet.out -ip 172.21.0.3`
Top 10 memory users: PID	MEM(GB)	COMMAND
142707	1.76	ray::JoinShuffleReduce(num_partitions=200)->MapBatches(apply_udf)->MapBatches(speed_filter)->MapBatc...
140456	1.05	ray::JoinShuffleReduce(num_partitions=200)->MapBatches(apply_udf)->MapBatches(speed_filter)->MapBatc...
142703	1.01	ray::JoinShuffleReduce(num_partitions=200)->MapBatches(apply_udf)->MapBatches(speed_filter)->MapBatc...
135658	0.75	ray::JoinShuffleReduce(num_partitions=200)->MapBatches(apply_udf)->MapBatches(speed_filter)->MapBatc...
143058	0.42	ray::JoinShuffleReduce(num_partitions=200)->MapBatches(apply_udf)->MapBatches(speed_filter)->MapBatc...
48	0.27	/usr/local/lib/python3.13/site-packages/ray/core/src/ray/raylet/raylet --raylet_socket_name=/tmp/ray...
143057	0.04	ray::IDLE
143145	0.04	ray::IDLE
6948	0.03	ray::IDLE_SpillWorker
6450	0.03	ray::IDLE_SpillWorker
Refer to the documentation on how to address the out of memory issue: https://docs.ray.io/en/latest/ray-observability/user-guides/debug-apps/debug-memory.html. Consider provisioning more memory on this node or reducing task parallelism by requesting more CPUs per task. To adjust the kill threshold, set the environment variable `RAY_memory_usage_threshold` when starting Ray. To disable worker killing, set the environment variable `RAY_memory_monitor_refresh_ms` to zero. Since 2.56, Ray updated the oom killing policy to enabling killing multiple workers and selecting workers based on the time since the task start executing. To revert to the legacy policy of determining worker to oom kill based on owner group size or only selecting a single worker to kill at a time, set the environment variable `RAY_worker_killing_policy_by_group` to true before starting Ray. If the idle workers have a non-trivial memory footprint at the time of OOM (check OOM log for non-selected idle workers), consider setting the environment variable `RAY_idle_worker_killing_memory_threshold_bytes` to a lower value to consider idle workers with lower memory footprint for killing.
[33m(raylet)[0m Task _shuffle_reduce_task failed due to oom. There are infinite oom retries remaining, so the task will be retried. Error: 3 worker(s) were killed due to the node running low on memory. Memory on the node (IP: 172.21.0.3, ID: 9fe5c3a4104087b4491fcf7d901671225b07b6d313cd2c02470f960a) was 7.96GB / 8.00GB (0.995034)
OOM kill reason: Memory usage 8331698176B exceeded threshold of 8160437760B (95.0% of 8589934592B total)
Object store memory usage: [- objects spillable: 181
- bytes spillable: 665366176
- objects unsealed: 0
- bytes unsealed: 0
- objects in use: 184
- bytes in use: 667345816
- objects evictable: 99
- bytes evictable: 589836377

- objects created by worker: 189
- bytes created by worker: 679586345
- objects restored: 24
- bytes restored: 178492264
- objects received: 70
- bytes received: 399103584
- objects errored: 0
- bytes errored: 0

Eviction Stats:
(global lru) capacity: 2500000000
(global lru) used: 23.5935%
(global lru) num objects: 99
(global lru) num evictions: 12447
(global lru) bytes evicted: 152514841048]
Ray killed 3 worker(s) based on the killing policy
Considered workers: [
Selected to kill: (Task: job ID=04000000, lease ID=a108000004000000ffffffffffffffffffffffffffffffffffffffffffffffff, task name=JoinShuffleReduce(num_partitions=200)->MapBatches(apply_udf)->MapBatches(speed_filter)->MapBatches(to_output)->Write, required resources={CPU: 1, memory: 6.71976e+07}, pid=143057, actual memory used=0.10GB, worker ID=690f7c3f9ebc5b6c7ff345767b19ba2585a12cb84df0a68f96b3aff8)
Selected to kill: (Task: job ID=04000000, lease ID=9d08000004000000ffffffffffffffffffffffffffffffffffffffffffffffff, task name=JoinShuffleReduce(num_partitions=200)->MapBatches(apply_udf)->MapBatches(speed_filter)->MapBatches(to_output)->Write, required resources={CPU: 1, memory: 9.86872e+06}, pid=143145, actual memory used=0.10GB, worker ID=9c6ac5149a02bae3fcbb42456683e5bd093396b98235931b841e2c37)
Selected to kill: (Task: job ID=04000000, lease ID=8b08000004000000ffffffffffffffffffffffffffffffffffffffffffffffff, task name=JoinShuffleReduce(num_partitions=200)->MapBatches(apply_udf)->MapBatches(speed_filter)->MapBatches(to_output)->Write, required resources={memory: 1.12165e+09, CPU: 1}, pid=142703, actual memory used=1.50GB, worker ID=87b4f8549d5ee2f97b6ea499e6a7abe890108fc39df62c460a5436b5)
(Task: job ID=04000000, lease ID=7b08000004000000ffffffffffffffffffffffffffffffffffffffffffffffff, task name=JoinShuffleReduce(num_partitions=200)->MapBatches(apply_udf)->MapBatches(speed_filter)->MapBatches(to_output)->Write, required resources={memory: 1.35472e+09, CPU: 1}, pid=142707, actual memory used=1.95GB, worker ID=573511138688b1216a2be70d4b1a8c0190dc1cc94fe7f58a8de86cd8)
(Task: job ID=04000000, lease ID=8508000004000000ffffffffffffffffffffffffffffffffffffffffffffffff, task name=JoinShuffleReduce(num_partitions=200)->MapBatches(apply_udf)->MapBatches(speed_filter)->MapBatches(to_output)->Write, required resources={CPU: 1, memory: 7.64043e+08}, pid=140456, actual memory used=1.21GB, worker ID=63908962c36bfc229de00e920ee82b3f64bfb4e9177c55ad370f997c)
]
Total non-selected idle workers: 0
Total non-selected idle workers USS bytes: 0.00GB
To see more information about memory usage on this node, use `ray logs raylet.out -ip 172.21.0.3`
Top 10 memory users: PID	MEM(GB)	COMMAND
142707	1.95	ray::JoinShuffleReduce(num_partitions=200)->MapBatches(apply_udf)->MapBatches(speed_filter)->MapBatc...
142703	1.50	ray::JoinShuffleReduce(num_partitions=200)->MapBatches(apply_udf)->MapBatches(speed_filter)->MapBatc...
140456	1.21	ray::JoinShuffleReduce(num_partitions=200)->MapBatches(apply_udf)->MapBatches(speed_filter)->MapBatc...
48	0.26	/usr/local/lib/python3.13/site-packages/ray/core/src/ray/raylet/raylet --raylet_socket_name=/tmp/ray...
143145	0.10	ray::JoinShuffleReduce(num_partitions=200)->MapBatches(apply_udf)->MapBatches(speed_filter)->MapBatc...
143057	0.10	ray::JoinShuffleReduce(num_partitions=200)->MapBatches(apply_udf)->MapBatches(speed_filter)->MapBatc...
143209	0.04	ray::IDLE
143210	0.04	ray::IDLE
6948	0.03	ray::IDLE_SpillWorker
23681	0.03	ray::IDLE_RestoreWorker
Refer to the documentation on how to address the out of memory issue: https://docs.ray.io/en/latest/ray-observability/user-guides/debug-apps/debug-memory.html. Consider provisioning more memory on this node or reducing task parallelism by requesting more CPUs per task. To adjust the kill threshold, set the environment variable `RAY_memory_usage_threshold` when starting Ray. To disable worker killing, set the environment variable `RAY_memory_monitor_refresh_ms` to zero. Since 2.56, Ray updated the oom killing policy to enabling killing multiple workers and selecting workers based on the time since the task start executing. To revert to the legacy policy of determining worker to oom kill based on owner group size or only selecting a single worker to kill at a time, set the environment variable `RAY_worker_killing_policy_by_group` to true before starting Ray. If the idle workers have a non-trivial memory footprint at the time of OOM (check OOM log for non-selected idle workers), consider setting the environment variable `RAY_idle_worker_killing_memory_threshold_bytes` to a lower value to consider idle workers with lower memory footprint for killing.
[33m(raylet)[0m Task _shuffle_reduce_task failed due to oom. There are infinite oom retries remaining, so the task will be retried. Error: 2 worker(s) were killed due to the node running low on memory. Memory on the node (IP: 172.21.0.3, ID: 9fe5c3a4104087b4491fcf7d901671225b07b6d313cd2c02470f960a) was 7.80GB / 8.00GB (0.975219)
OOM kill reason: Memory usage 8413065216B exceeded threshold of 8160437760B (95.0% of 8589934592B total)
Object store memory usage: [- objects spillable: 163
- bytes spillable: 629396515
- objects unsealed: 0
- bytes unsealed: 0
- objects in use: 165
- bytes in use: 644456631
- objects evictable: 161
- bytes evictable: 788466232

- objects created by worker: 173
- bytes created by worker: 648170191
- objects restored: 40
- bytes restored: 240796257
- objects received: 113
- bytes received: 543956415
- objects errored: 0
- bytes errored: 0

Eviction Stats:
(global lru) capacity: 2500000000
(global lru) used: 31.5386%
(global lru) num objects: 161
(global lru) num evictions: 12447
(global lru) bytes evicted: 152514841048]
Ray killed 2 worker(s) based on the killing policy
Considered workers: [
Selected to kill: (Worker with no lease granted: pid=143308, actual memory used=0.10GB, worker ID=a42bb9dd114d610cd38c8b3e33339598c177f7b83328b0b5c0cf9064)
Selected to kill: (Task: job ID=04000000, lease ID=bf08000004000000ffffffffffffffffffffffffffffffffffffffffffffffff, task name=JoinShuffleReduce(num_partitions=200)->MapBatches(apply_udf)->MapBatches(speed_filter)->MapBatches(to_output)->Write, required resources={CPU: 1, memory: 1.25545e+09}, pid=143210, actual memory used=0.56GB, worker ID=f8511ea47ce032fd158aa11654a284cfc89ba762efc8c63098bccf10)
(Task: job ID=04000000, lease ID=af08000004000000ffffffffffffffffffffffffffffffffffffffffffffffff, task name=JoinShuffleReduce(num_partitions=200)->MapBatches(apply_udf)->MapBatches(speed_filter)->MapBatches(to_output)->Write, required resources={CPU: 1, memory: 5.42641e+08}, pid=143307, actual memory used=0.47GB, worker ID=fe36375dcf5d51d13f148a03c8d576bf3ddd5b5c7099e9a3a3dc5f23)
(Task: job ID=04000000, lease ID=a508000004000000ffffffffffffffffffffffffffffffffffffffffffffffff, task name=JoinShuffleReduce(num_partitions=200)->MapBatches(apply_udf)->MapBatches(speed_filter)->MapBatches(to_output)->Write, required resources={CPU: 1, memory: 1.91578e+09}, pid=143209, actual memory used=1.17GB, worker ID=d4225c62685ae477567edd67f8e64bb64257ca3ec44fe01d7ab04438)
(Task: job ID=04000000, lease ID=7b08000004000000ffffffffffffffffffffffffffffffffffffffffffffffff, task name=JoinShuffleReduce(num_partitions=200)->MapBatches(apply_udf)->MapBatches(speed_filter)->MapBatches(to_output)->Write, required resources={memory: 1.35472e+09, CPU: 1}, pid=142707, actual memory used=2.09GB, worker ID=573511138688b1216a2be70d4b1a8c0190dc1cc94fe7f58a8de86cd8)
(Task: job ID=04000000, lease ID=8508000004000000ffffffffffffffffffffffffffffffffffffffffffffffff, task name=JoinShuffleReduce(num_partitions=200)->MapBatches(apply_udf)->MapBatches(speed_filter)->MapBatches(to_output)->Write, required resources={CPU: 1, memory: 7.64043e+08}, pid=140456, actual memory used=0.62GB, worker ID=63908962c36bfc229de00e920ee82b3f64bfb4e9177c55ad370f997c)
]
Total non-selected idle workers: 1
Total non-selected idle workers USS bytes: 0.04GB
To see more information about memory usage on this node, use `ray logs raylet.out -ip 172.21.0.3`
Top 10 memory users: PID	MEM(GB)	COMMAND
142707	2.09	ray::JoinShuffleReduce(num_partitions=200)->MapBatches(apply_udf)->MapBatches(speed_filter)->MapBatc...
143209	1.17	ray::JoinShuffleReduce(num_partitions=200)->MapBatches(apply_udf)->MapBatches(speed_filter)->MapBatc...
140456	0.62	ray::IDLE
143210	0.56	ray::JoinShuffleReduce(num_partitions=200)->MapBatches(apply_udf)->MapBatches(speed_filter)->MapBatc...
143307	0.47	ray::JoinShuffleReduce(num_partitions=200)->MapBatches(apply_udf)->MapBatches(speed_filter)->MapBatc...
48	0.30	/usr/local/lib/python3.13/site-packages/ray/core/src/ray/raylet/raylet --raylet_socket_name=/tmp/ray...
143308	0.10	ray::IDLE
143309	0.04	ray::IDLE
6450	0.03	ray::IDLE_SpillWorker
6865	0.03	ray::IDLE_SpillWorker
Refer to the documentation on how to address the out of memory issue: https://docs.ray.io/en/latest/ray-observability/user-guides/debug-apps/debug-memory.html. Consider provisioning more memory on this node or reducing task parallelism by requesting more CPUs per task. To adjust the kill threshold, set the environment variable `RAY_memory_usage_threshold` when starting Ray. To disable worker killing, set the environment variable `RAY_memory_monitor_refresh_ms` to zero. Since 2.56, Ray updated the oom killing policy to enabling killing multiple workers and selecting workers based on the time since the task start executing. To revert to the legacy policy of determining worker to oom kill based on owner group size or only selecting a single worker to kill at a time, set the environment variable `RAY_worker_killing_policy_by_group` to true before starting Ray. If the idle workers have a non-trivial memory footprint at the time of OOM (check OOM log for non-selected idle workers), consider setting the environment variable `RAY_idle_worker_killing_memory_threshold_bytes` to a lower value to consider idle workers with lower memory footprint for killing.
[33m(raylet)[0m Task _shuffle_reduce_task failed due to oom. There are infinite oom retries remaining, so the task will be retried. Error: 2 worker(s) were killed due to the node running low on memory. Memory on the node (IP: 172.21.0.3, ID: 9fe5c3a4104087b4491fcf7d901671225b07b6d313cd2c02470f960a) was 7.67GB / 8.00GB (0.958218)
OOM kill reason: Memory usage 8229912576B exceeded threshold of 8160437760B (95.0% of 8589934592B total)
Object store memory usage: [- objects spillable: 159
- bytes spillable: 622433755
- objects unsealed: 0
- bytes unsealed: 0
- objects in use: 161
- bytes in use: 623180684
- objects evictable: 132
- bytes evictable: 704151724

- objects created by worker: 159
- bytes created by worker: 622433755
- objects restored: 36
- bytes restored: 212308259
- objects received: 98
- bytes received: 492590394
- objects errored: 0
- bytes errored: 0

Eviction Stats:
(global lru) capacity: 2500000000
(global lru) used: 28.1661%
(global lru) num objects: 132
(global lru) num evictions: 12447
(global lru) bytes evicted: 152514841048]
Ray killed 2 worker(s) based on the killing policy
Considered workers: [
Selected to kill: (Task: job ID=04000000, lease ID=df08000004000000ffffffffffffffffffffffffffffffffffffffffffffffff, task name=JoinShuffleReduce(num_partitions=200)->MapBatches(apply_udf)->MapBatches(speed_filter)->MapBatches(to_output)->Write, required resources={CPU: 1, memory: 3.40033e+06}, pid=143309, actual memory used=0.08GB, worker ID=efbdbf6d85d7377cd4ce4b6e78173030b9a067b8679918e1caf0a3a6)
Selected to kill: (Task: job ID=04000000, lease ID=db08000004000000ffffffffffffffffffffffffffffffffffffffffffffffff, task name=JoinShuffleReduce(num_partitions=200)->MapBatches(apply_udf)->MapBatches(speed_filter)->MapBatches(to_output)->Write, required resources={memory: 5.71842e+07, CPU: 1}, pid=140456, actual memory used=0.69GB, worker ID=63908962c36bfc229de00e920ee82b3f64bfb4e9177c55ad370f997c)
(Task: job ID=04000000, lease ID=af08000004000000ffffffffffffffffffffffffffffffffffffffffffffffff, task name=JoinShuffleReduce(num_partitions=200)->MapBatches(apply_udf)->MapBatches(speed_filter)->MapBatches(to_output)->Write, required resources={CPU: 1, memory: 5.42641e+08}, pid=143307, actual memory used=0.78GB, worker ID=fe36375dcf5d51d13f148a03c8d576bf3ddd5b5c7099e9a3a3dc5f23)
(Task: job ID=04000000, lease ID=a508000004000000ffffffffffffffffffffffffffffffffffffffffffffffff, task name=JoinShuffleReduce(num_partitions=200)->MapBatches(apply_udf)->MapBatches(speed_filter)->MapBatches(to_output)->Write, required resources={CPU: 1, memory: 1.91578e+09}, pid=143209, actual memory used=1.62GB, worker ID=d4225c62685ae477567edd67f8e64bb64257ca3ec44fe01d7ab04438)
(Task: job ID=04000000, lease ID=7b08000004000000ffffffffffffffffffffffffffffffffffffffffffffffff, task name=JoinShuffleReduce(num_partitions=200)->MapBatches(apply_udf)->MapBatches(speed_filter)->MapBatches(to_output)->Write, required resources={memory: 1.35472e+09, CPU: 1}, pid=142707, actual memory used=2.08GB, worker ID=573511138688b1216a2be70d4b1a8c0190dc1cc94fe7f58a8de86cd8)
]
Total non-selected idle workers: 0
Total non-selected idle workers USS bytes: 0.00GB
To see more information about memory usage on this node, use `ray logs raylet.out -ip 172.21.0.3`
Top 10 memory users: PID	MEM(GB)	COMMAND
142707	2.08	ray::JoinShuffleReduce(num_partitions=200)->MapBatches(apply_udf)->MapBatches(speed_filter)->MapBatc...
143209	1.62	ray::JoinShuffleReduce(num_partitions=200)->MapBatches(apply_udf)->MapBatches(speed_filter)->MapBatc...
143307	0.78	ray::JoinShuffleReduce(num_partitions=200)->MapBatches(apply_udf)->MapBatches(speed_filter)->MapBatc...
140456	0.69	ray::IDLE
48	0.29	/usr/local/lib/python3.13/site-packages/ray/core/src/ray/raylet/raylet --raylet_socket_name=/tmp/ray...
143309	0.08	ray::IDLE
6948	0.02	ray::IDLE_SpillWorker
91	0.02	ray::DashboardAgent
24003	0.01	ray::IDLE_RestoreWorker
24002	0.01	ray::IDLE_RestoreWorker
Refer to the documentation on how to address the out of memory issue: https://docs.ray.io/en/latest/ray-observability/user-guides/debug-apps/debug-memory.html. Consider provisioning more memory on this node or reducing task parallelism by requesting more CPUs per task. To adjust the kill threshold, set the environment variable `RAY_memory_usage_threshold` when starting Ray. To disable worker killing, set the environment variable `RAY_memory_monitor_refresh_ms` to zero. Since 2.56, Ray updated the oom killing policy to enabling killing multiple workers and selecting workers based on the time since the task start executing. To revert to the legacy policy of determining worker to oom kill based on owner group size or only selecting a single worker to kill at a time, set the environment variable `RAY_worker_killing_policy_by_group` to true before starting Ray. If the idle workers have a non-trivial memory footprint at the time of OOM (check OOM log for non-selected idle workers), consider setting the environment variable `RAY_idle_worker_killing_memory_threshold_bytes` to a lower value to consider idle workers with lower memory footprint for killing.
[33m(raylet)[0m Task _shuffle_reduce_task failed due to oom. There are infinite oom retries remaining, so the task will be retried. Error: 1 worker(s) were killed due to the node running low on memory. Memory on the node (IP: 172.21.0.3, ID: 9fe5c3a4104087b4491fcf7d901671225b07b6d313cd2c02470f960a) was 7.61GB / 8.00GB (0.951572)
OOM kill reason: Memory usage 8190361600B exceeded threshold of 8160437760B (95.0% of 8589934592B total)
Object store memory usage: [- objects spillable: 154
- bytes spillable: 619620120
- objects unsealed: 0
- bytes unsealed: 0
- objects in use: 154
- bytes in use: 619620120
- objects evictable: 114
- bytes evictable: 697896320

- objects created by worker: 154
- bytes created by worker: 619620120
- objects restored: 30
- bytes restored: 211452537
- objects received: 84
- bytes received: 486443783
- objects errored: 0
- bytes errored: 0

Eviction Stats:
(global lru) capacity: 2500000000
(global lru) used: 27.9159%
(global lru) num objects: 114
(global lru) num evictions: 12447
(global lru) bytes evicted: 152514841048]
Ray killed 1 worker(s) based on the killing policy
Considered workers: [
Selected to kill: (Task: job ID=04000000, lease ID=af08000004000000ffffffffffffffffffffffffffffffffffffffffffffffff, task name=JoinShuffleReduce(num_partitions=200)->MapBatches(apply_udf)->MapBatches(speed_filter)->MapBatches(to_output)->Write, required resources={CPU: 1, memory: 5.42641e+08}, pid=143307, actual memory used=0.94GB, worker ID=fe36375dcf5d51d13f148a03c8d576bf3ddd5b5c7099e9a3a3dc5f23)
(Task: job ID=04000000, lease ID=a508000004000000ffffffffffffffffffffffffffffffffffffffffffffffff, task name=JoinShuffleReduce(num_partitions=200)->MapBatches(apply_udf)->MapBatches(speed_filter)->MapBatches(to_output)->Write, required resources={CPU: 1, memory: 1.91578e+09}, pid=143209, actual memory used=2.27GB, worker ID=d4225c62685ae477567edd67f8e64bb64257ca3ec44fe01d7ab04438)
(Task: job ID=04000000, lease ID=7b08000004000000ffffffffffffffffffffffffffffffffffffffffffffffff, task name=JoinShuffleReduce(num_partitions=200)->MapBatches(apply_udf)->MapBatches(speed_filter)->MapBatches(to_output)->Write, required resources={memory: 1.35472e+09, CPU: 1}, pid=142707, actual memory used=2.09GB, worker ID=573511138688b1216a2be70d4b1a8c0190dc1cc94fe7f58a8de86cd8)
]
Total non-selected idle workers: 0
Total non-selected idle workers USS bytes: 0.00GB
To see more information about memory usage on this node, use `ray logs raylet.out -ip 172.21.0.3`
Top 10 memory users: PID	MEM(GB)	COMMAND
143209	2.27	ray::JoinShuffleReduce(num_partitions=200)->MapBatches(apply_udf)->MapBatches(speed_filter)->MapBatc...
142707	2.09	ray::IDLE
143307	0.94	ray::JoinShuffleReduce(num_partitions=200)->MapBatches(apply_udf)->MapBatches(speed_filter)->MapBatc...
48	0.29	/usr/local/lib/python3.13/site-packages/ray/core/src/ray/raylet/raylet --raylet_socket_name=/tmp/ray...
143460	0.04	ray::IDLE
143461	0.04	ray::IDLE
6948	0.02	ray::IDLE_SpillWorker
91	0.02	ray::DashboardAgent
24003	0.01	ray::IDLE_RestoreWorker
24002	0.01	ray::IDLE_RestoreWorker
Refer to the documentation on how to address the out of memory issue: https://docs.ray.io/en/latest/ray-observability/user-guides/debug-apps/debug-memory.html. Consider provisioning more memory on this node or reducing task parallelism by requesting more CPUs per task. To adjust the kill threshold, set the environment variable `RAY_memory_usage_threshold` when starting Ray. To disable worker killing, set the environment variable `RAY_memory_monitor_refresh_ms` to zero. Since 2.56, Ray updated the oom killing policy to enabling killing multiple workers and selecting workers based on the time since the task start executing. To revert to the legacy policy of determining worker to oom kill based on owner group size or only selecting a single worker to kill at a time, set the environment variable `RAY_worker_killing_policy_by_group` to true before starting Ray. If the idle workers have a non-trivial memory footprint at the time of OOM (check OOM log for non-selected idle workers), consider setting the environment variable `RAY_idle_worker_killing_memory_threshold_bytes` to a lower value to consider idle workers with lower memory footprint for killing.
[33m(raylet)[0m Task _shuffle_reduce_task failed due to oom. There are infinite oom retries remaining, so the task will be retried. Error: 2 worker(s) were killed due to the node running low on memory. Memory on the node (IP: 172.21.0.3, ID: 9fe5c3a4104087b4491fcf7d901671225b07b6d313cd2c02470f960a) was 7.99GB / 8.00GB (0.998682)
OOM kill reason: Memory usage 8464461824B exceeded threshold of 8160437760B (95.0% of 8589934592B total)
Object store memory usage: [- objects spillable: 188
- bytes spillable: 676748775
- objects unsealed: 0
- bytes unsealed: 0
- objects in use: 206
- bytes in use: 780727987
- objects evictable: 107
- bytes evictable: 555548944

- objects created by worker: 199
- bytes created by worker: 705967046
- objects restored: 30
- bytes restored: 195533419
- objects received: 84
- bytes received: 434776466
- objects errored: 0
- bytes errored: 0

Eviction Stats:
(global lru) capacity: 2500000000
(global lru) used: 22.222%
(global lru) num objects: 107
(global lru) num evictions: 12447
(global lru) bytes evicted: 152514841048]
Ray killed 2 worker(s) based on the killing policy
Considered workers: [
Selected to kill: (Task: job ID=04000000, lease ID=9508000004000000ffffffffffffffffffffffffffffffffffffffffffffffff, task name=JoinShuffleReduce(num_partitions=200)->MapBatches(apply_udf)->MapBatches(speed_filter)->MapBatches(to_output)->Write, required resources={memory: 5.42641e+08, CPU: 1}, pid=135658, actual memory used=0.75GB, worker ID=b63d55768a329210cd73b69291c735ad36926d5f632d86ee4b48fa29)
Selected to kill: (Task: job ID=04000000, lease ID=8d08000004000000ffffffffffffffffffffffffffffffffffffffffffffffff, task name=JoinShuffleReduce(num_partitions=200)->MapBatches(apply_udf)->MapBatches(speed_filter)->MapBatches(to_output)->Write, required resources={CPU: 1, memory: 1.2646e+09}, pid=143058, actual memory used=0.42GB, worker ID=66387a721bcff8f81ecce13fcd7c1341e9eb1366d90bd602fbe6b02a)
(Task: job ID=04000000, lease ID=7b08000004000000ffffffffffffffffffffffffffffffffffffffffffffffff, task name=JoinShuffleReduce(num_partitions=200)->MapBatches(apply_udf)->MapBatches(speed_filter)->MapBatches(to_output)->Write, required resources={memory: 1.35472e+09, CPU: 1}, pid=142707, actual memory used=1.76GB, worker ID=573511138688b1216a2be70d4b1a8c0190dc1cc94fe7f58a8de86cd8)
(Task: job ID=04000000, lease ID=8b08000004000000ffffffffffffffffffffffffffffffffffffffffffffffff, task name=JoinShuffleReduce(num_partitions=200)->MapBatches(apply_udf)->MapBatches(speed_filter)->MapBatches(to_output)->Write, required resources={memory: 1.12165e+09, CPU: 1}, pid=142703, actual memory used=1.01GB, worker ID=87b4f8549d5ee2f97b6ea499e6a7abe890108fc39df62c460a5436b5)
(Task: job ID=04000000, lease ID=8508000004000000ffffffffffffffffffffffffffffffffffffffffffffffff, task name=JoinShuffleReduce(num_partitions=200)->MapBatches(apply_udf)->MapBatches(speed_filter)->MapBatches(to_output)->Write, required resources={CPU: 1, memory: 7.64043e+08}, pid=140456, actual memory used=1.05GB, worker ID=63908962c36bfc229de00e920ee82b3f64bfb4e9177c55ad370f997c)
]
Total non-selected idle workers: 2
Total non-selected idle workers USS bytes: 0.08GB
To see more information about memory usage on this node, use `ray logs raylet.out -ip 172.21.0.3`
Top 10 memory users: PID	MEM(GB)	COMMAND
142707	1.76	ray::JoinShuffleReduce(num_partitions=200)->MapBatches(apply_udf)->MapBatches(speed_filter)->MapBatc...
140456	1.05	ray::JoinShuffleReduce(num_partitions=200)->MapBatches(apply_udf)->MapBatches(speed_filter)->MapBatc...
142703	1.01	ray::JoinShuffleReduce(num_partitions=200)->MapBatches(apply_udf)->MapBatches(speed_filter)->MapBatc...
135658	0.75	ray::JoinShuffleReduce(num_partitions=200)->MapBatches(apply_udf)->MapBatches(speed_filter)->MapBatc...
143058	0.42	ray::JoinShuffleReduce(num_partitions=200)->MapBatches(apply_udf)->MapBatches(speed_filter)->MapBatc...
48	0.27	/usr/local/lib/python3.13/site-packages/ray/core/src/ray/raylet/raylet --raylet_socket_name=/tmp/ray...
143057	0.04	ray::IDLE
143145	0.04	ray::IDLE
6948	0.03	ray::IDLE_SpillWorker
6450	0.03	ray::IDLE_SpillWorker
Refer to the documentation on how to address the out of memory issue: https://docs.ray.io/en/latest/ray-observability/user-guides/debug-apps/debug-memory.html. Consider provisioning more memory on this node or reducing task parallelism by requesting more CPUs per task. To adjust the kill threshold, set the environment variable `RAY_memory_usage_threshold` when starting Ray. To disable worker killing, set the environment variable `RAY_memory_monitor_refresh_ms` to zero. Since 2.56, Ray updated the oom killing policy to enabling killing multiple workers and selecting workers based on the time since the task start executing. To revert to the legacy policy of determining worker to oom kill based on owner group size or only selecting a single worker to kill at a time, set the environment variable `RAY_worker_killing_policy_by_group` to true before starting Ray. If the idle workers have a non-trivial memory footprint at the time of OOM (check OOM log for non-selected idle workers), consider setting the environment variable `RAY_idle_worker_killing_memory_threshold_bytes` to a lower value to consider idle workers with lower memory footprint for killing.
[33m(raylet)[0m Task _shuffle_reduce_task failed due to oom. There are infinite oom retries remaining, so the task will be retried. Error: 2 worker(s) were killed due to the node running low on memory. Memory on the node (IP: 172.21.0.4, ID: 6d4f060467f644eee7a82eeab777caf931596072d32ddb2b54bd8963) was 7.98GB / 8.00GB (0.997302)
OOM kill reason: Memory usage 8562225152B exceeded threshold of 8160437760B (95.0% of 8589934592B total)
Object store memory usage: [- objects spillable: 113
- bytes spillable: 353460658
- objects unsealed: 0
- bytes unsealed: 0
- objects in use: 113
- bytes in use: 353460658
- objects evictable: 94
- bytes evictable: 646884643

- objects created by worker: 123
- bytes created by worker: 380473884
- objects restored: 40
- bytes restored: 313237832
- objects received: 44
- bytes received: 306633585
- objects errored: 0
- bytes errored: 0

Eviction Stats:
(global lru) capacity: 2500000000
(global lru) used: 25.8754%
(global lru) num objects: 94
(global lru) num evictions: 12854
(global lru) bytes evicted: 166400573174]
Ray killed 2 worker(s) based on the killing policy
Considered workers: [
Selected to kill: (Task: job ID=04000000, lease ID=d708000004000000ffffffffffffffffffffffffffffffffffffffffffffffff, task name=JoinShuffleReduce(num_partitions=200)->MapBatches(apply_udf)->MapBatches(speed_filter)->MapBatches(to_output)->Write, required resources={CPU: 1, memory: 3.59903e+08}, pid=147250, actual memory used=0.67GB, worker ID=efe81c8afcf932b6d91608ec3c88074bbc400fa22d4fcf0d4cd330ac)
Selected to kill: (Task: job ID=04000000, lease ID=d308000004000000ffffffffffffffffffffffffffffffffffffffffffffffff, task name=JoinShuffleReduce(num_partitions=200)->MapBatches(apply_udf)->MapBatches(speed_filter)->MapBatches(to_output)->Write, required resources={CPU: 1, memory: 2.80042e+09}, pid=146804, actual memory used=2.31GB, worker ID=f8213e36cac24f99b1a583a94a11e24b0bf373711b9da1b509e7b3f4)
(Task: job ID=04000000, lease ID=ae08000004000000ffffffffffffffffffffffffffffffffffffffffffffffff, task name=JoinShuffleReduce(num_partitions=200)->MapBatches(apply_udf)->MapBatches(speed_filter)->MapBatches(to_output)->Write, required resources={memory: 1.2646e+09, CPU: 1}, pid=146798, actual memory used=2.03GB, worker ID=309332320d8cd7fa595f1641645831f817943cbe0b8271dc70c17b9e)
]
Total non-selected idle workers: 0
Total non-selected idle workers USS bytes: 0.00GB
To see more information about memory usage on this node, use `ray logs raylet.out -ip 172.21.0.4`
Top 10 memory users: PID	MEM(GB)	COMMAND
146804	2.31	ray::JoinShuffleReduce(num_partitions=200)->MapBatches(apply_udf)->MapBatches(speed_filter)->MapBatc...
146798	2.03	ray::JoinShuffleReduce(num_partitions=200)->MapBatches(apply_udf)->MapBatches(speed_filter)->MapBatc...
147250	0.67	ray::JoinShuffleReduce(num_partitions=200)->MapBatches(apply_udf)->MapBatches(speed_filter)->MapBatc...
48	0.14	/usr/local/lib/python3.13/site-packages/ray/core/src/ray/raylet/raylet --raylet_socket_name=/tmp/ray...
6863	0.05	ray::IDLE_SpillWorker
147517	0.04	ray::IDLE
147516	0.04	ray::IDLE
23830	0.03	ray::IDLE_RestoreWorker
23189	0.03	ray::IDLE_RestoreWorker
23831	0.03	ray::IDLE_RestoreWorker
Refer to the documentation on how to address the out of memory issue: https://docs.ray.io/en/latest/ray-observability/user-guides/debug-apps/debug-memory.html. Consider provisioning more memory on this node or reducing task parallelism by requesting more CPUs per task. To adjust the kill threshold, set the environment variable `RAY_memory_usage_threshold` when starting Ray. To disable worker killing, set the environment variable `RAY_memory_monitor_refresh_ms` to zero. Since 2.56, Ray updated the oom killing policy to enabling killing multiple workers and selecting workers based on the time since the task start executing. To revert to the legacy policy of determining worker to oom kill based on owner group size or only selecting a single worker to kill at a time, set the environment variable `RAY_worker_killing_policy_by_group` to true before starting Ray. If the idle workers have a non-trivial memory footprint at the time of OOM (check OOM log for non-selected idle workers), consider setting the environment variable `RAY_idle_worker_killing_memory_threshold_bytes` to a lower value to consider idle workers with lower memory footprint for killing.
[33m(raylet)[0m Task _shuffle_reduce_task failed due to oom. There are infinite oom retries remaining, so the task will be retried. Error: 3 worker(s) were killed due to the node running low on memory. Memory on the node (IP: 172.21.0.3, ID: 9fe5c3a4104087b4491fcf7d901671225b07b6d313cd2c02470f960a) was 7.96GB / 8.00GB (0.995034)
OOM kill reason: Memory usage 8331698176B exceeded threshold of 8160437760B (95.0% of 8589934592B total)
Object store memory usage: [- objects spillable: 181
- bytes spillable: 665366176
- objects unsealed: 0
- bytes unsealed: 0
- objects in use: 184
- bytes in use: 667345816
- objects evictable: 99
- bytes evictable: 589836377

- objects created by worker: 189
- bytes created by worker: 679586345
- objects restored: 24
- bytes restored: 178492264
- objects received: 70
- bytes received: 399103584
- objects errored: 0
- bytes errored: 0

Eviction Stats:
(global lru) capacity: 2500000000
(global lru) used: 23.5935%
(global lru) num objects: 99
(global lru) num evictions: 12447
(global lru) bytes evicted: 152514841048]
Ray killed 3 worker(s) based on the killing policy
Considered workers: [
Selected to kill: (Task: job ID=04000000, lease ID=a108000004000000ffffffffffffffffffffffffffffffffffffffffffffffff, task name=JoinShuffleReduce(num_partitions=200)->MapBatches(apply_udf)->MapBatches(speed_filter)->MapBatches(to_output)->Write, required resources={CPU: 1, memory: 6.71976e+07}, pid=143057, actual memory used=0.10GB, worker ID=690f7c3f9ebc5b6c7ff345767b19ba2585a12cb84df0a68f96b3aff8)
Selected to kill: (Task: job ID=04000000, lease ID=9d08000004000000ffffffffffffffffffffffffffffffffffffffffffffffff, task name=JoinShuffleReduce(num_partitions=200)->MapBatches(apply_udf)->MapBatches(speed_filter)->MapBatches(to_output)->Write, required resources={CPU: 1, memory: 9.86872e+06}, pid=143145, actual memory used=0.10GB, worker ID=9c6ac5149a02bae3fcbb42456683e5bd093396b98235931b841e2c37)
Selected to kill: (Task: job ID=04000000, lease ID=8b08000004000000ffffffffffffffffffffffffffffffffffffffffffffffff, task name=JoinShuffleReduce(num_partitions=200)->MapBatches(apply_udf)->MapBatches(speed_filter)->MapBatches(to_output)->Write, required resources={memory: 1.12165e+09, CPU: 1}, pid=142703, actual memory used=1.50GB, worker ID=87b4f8549d5ee2f97b6ea499e6a7abe890108fc39df62c460a5436b5)
(Task: job ID=04000000, lease ID=7b08000004000000ffffffffffffffffffffffffffffffffffffffffffffffff, task name=JoinShuffleReduce(num_partitions=200)->MapBatches(apply_udf)->MapBatches(speed_filter)->MapBatches(to_output)->Write, required resources={memory: 1.35472e+09, CPU: 1}, pid=142707, actual memory used=1.95GB, worker ID=573511138688b1216a2be70d4b1a8c0190dc1cc94fe7f58a8de86cd8)
(Task: job ID=04000000, lease ID=8508000004000000ffffffffffffffffffffffffffffffffffffffffffffffff, task name=JoinShuffleReduce(num_partitions=200)->MapBatches(apply_udf)->MapBatches(speed_filter)->MapBatches(to_output)->Write, required resources={CPU: 1, memory: 7.64043e+08}, pid=140456, actual memory used=1.21GB, worker ID=63908962c36bfc229de00e920ee82b3f64bfb4e9177c55ad370f997c)
]
Total non-selected idle workers: 0
Total non-selected idle workers USS bytes: 0.00GB
To see more information about memory usage on this node, use `ray logs raylet.out -ip 172.21.0.3`
Top 10 memory users: PID	MEM(GB)	COMMAND
142707	1.95	ray::JoinShuffleReduce(num_partitions=200)->MapBatches(apply_udf)->MapBatches(speed_filter)->MapBatc...
142703	1.50	ray::JoinShuffleReduce(num_partitions=200)->MapBatches(apply_udf)->MapBatches(speed_filter)->MapBatc...
140456	1.21	ray::JoinShuffleReduce(num_partitions=200)->MapBatches(apply_udf)->MapBatches(speed_filter)->MapBatc...
48	0.26	/usr/local/lib/python3.13/site-packages/ray/core/src/ray/raylet/raylet --raylet_socket_name=/tmp/ray...
143145	0.10	ray::JoinShuffleReduce(num_partitions=200)->MapBatches(apply_udf)->MapBatches(speed_filter)->MapBatc...
143057	0.10	ray::JoinShuffleReduce(num_partitions=200)->MapBatches(apply_udf)->MapBatches(speed_filter)->MapBatc...
143209	0.04	ray::IDLE
143210	0.04	ray::IDLE
6948	0.03	ray::IDLE_SpillWorker
23681	0.03	ray::IDLE_RestoreWorker
Refer to the documentation on how to address the out of memory issue: https://docs.ray.io/en/latest/ray-observability/user-guides/debug-apps/debug-memory.html. Consider provisioning more memory on this node or reducing task parallelism by requesting more CPUs per task. To adjust the kill threshold, set the environment variable `RAY_memory_usage_threshold` when starting Ray. To disable worker killing, set the environment variable `RAY_memory_monitor_refresh_ms` to zero. Since 2.56, Ray updated the oom killing policy to enabling killing multiple workers and selecting workers based on the time since the task start executing. To revert to the legacy policy of determining worker to oom kill based on owner group size or only selecting a single worker to kill at a time, set the environment variable `RAY_worker_killing_policy_by_group` to true before starting Ray. If the idle workers have a non-trivial memory footprint at the time of OOM (check OOM log for non-selected idle workers), consider setting the environment variable `RAY_idle_worker_killing_memory_threshold_bytes` to a lower value to consider idle workers with lower memory footprint for killing.[32m [repeated 2x across cluster][0m
[33m(raylet)[0m Task _shuffle_reduce_task failed due to oom. There are infinite oom retries remaining, so the task will be retried. Error: 2 worker(s) were killed due to the node running low on memory. Memory on the node (IP: 172.21.0.3, ID: 9fe5c3a4104087b4491fcf7d901671225b07b6d313cd2c02470f960a) was 7.99GB / 8.00GB (0.998492)
OOM kill reason: Memory usage 8324947968B exceeded threshold of 8160437760B (95.0% of 8589934592B total)
Object store memory usage: [- objects spillable: 148
- bytes spillable: 578083916
- objects unsealed: 0
- bytes unsealed: 0
- objects in use: 150
- bytes in use: 579979975
- objects evictable: 116
- bytes evictable: 858410813

- objects created by worker: 151
- bytes created by worker: 604068450
- objects restored: 30
- bytes restored: 249614993
- objects received: 85
- bytes received: 584707345
- objects errored: 0
- bytes errored: 0

Eviction Stats:
(global lru) capacity: 2500000000
(global lru) used: 34.3364%
(global lru) num objects: 116
(global lru) num evictions: 12447
(global lru) bytes evicted: 152514841048]
Ray killed 2 worker(s) based on the killing policy
Considered workers: [
Selected to kill: (Task: job ID=04000000, lease ID=f308000004000000ffffffffffffffffffffffffffffffffffffffffffffffff, task name=JoinShuffleReduce(num_partitions=200)->MapBatches(apply_udf)->MapBatches(speed_filter)->MapBatches(to_output)->Write, required resources={CPU: 1}, pid=143461, actual memory used=0.09GB, worker ID=7cc3e3d0a337a011dd1378fb893a5bc7e85e8e592ab998ab3eaddff9)
Selected to kill: (Task: job ID=04000000, lease ID=e708000004000000ffffffffffffffffffffffffffffffffffffffffffffffff, task name=JoinShuffleReduce(num_partitions=200)->MapBatches(apply_udf)->MapBatches(speed_filter)->MapBatches(to_output)->Write, required resources={memory: 2.61967e+09, CPU: 1}, pid=143460, actual memory used=1.61GB, worker ID=f8d1c344dfe481252bc7b959d300b02a24c6c9bf0e517b32d3b0207c)
(Task: job ID=04000000, lease ID=a508000004000000ffffffffffffffffffffffffffffffffffffffffffffffff, task name=JoinShuffleReduce(num_partitions=200)->MapBatches(apply_udf)->MapBatches(speed_filter)->MapBatches(to_output)->Write, required resources={CPU: 1, memory: 1.91578e+09}, pid=143209, actual memory used=2.60GB, worker ID=d4225c62685ae477567edd67f8e64bb64257ca3ec44fe01d7ab04438)
(Task: job ID=04000000, lease ID=e308000004000000ffffffffffffffffffffffffffffffffffffffffffffffff, task name=JoinShuffleReduce(num_partitions=200)->MapBatches(apply_udf)->MapBatches(speed_filter)->MapBatches(to_output)->Write, required resources={CPU: 1, memory: 1.12165e+09}, pid=142707, actual memory used=1.58GB, worker ID=573511138688b1216a2be70d4b1a8c0190dc1cc94fe7f58a8de86cd8)
]
Total non-selected idle workers: 0
Total non-selected idle workers USS bytes: 0.00GB
To see more information about memory usage on this node, use `ray logs raylet.out -ip 172.21.0.3`
Top 10 memory users: PID	MEM(GB)	COMMAND
143209	2.60	ray::JoinShuffleReduce(num_partitions=200)->MapBatches(apply_udf)->MapBatches(speed_filter)->MapBatc...
143460	1.61	ray::JoinShuffleReduce(num_partitions=200)->MapBatches(apply_udf)->MapBatches(speed_filter)->MapBatc...
142707	1.58	ray::JoinShuffleReduce(num_partitions=200)->MapBatches(apply_udf)->MapBatches(speed_filter)->MapBatc...
48	0.27	/usr/local/lib/python3.13/site-packages/ray/core/src/ray/raylet/raylet --raylet_socket_name=/tmp/ray...
143461	0.09	ray::JoinShuffleReduce(num_partitions=200)->MapBatches(apply_udf)->MapBatches(speed_filter)->MapBatc...
143557	0.03	/usr/local/bin/python3.13 /usr/local/lib/python3.13/site-packages/ray/_private/workers/default_worke...
143556	0.02	/usr/local/bin/python3.13 /usr/local/lib/python3.13/site-packages/ray/_private/workers/default_worke...
143558	0.02	/usr/local/bin/python3.13 /usr/local/lib/python3.13/site-packages/ray/_private/workers/default_worke...
91	0.02	ray::DashboardAgent
93	0.01	ray::RuntimeEnvAgent
Refer to the documentation on how to address the out of memory issue: https://docs.ray.io/en/latest/ray-observability/user-guides/debug-apps/debug-memory.html. Consider provisioning more memory on this node or reducing task parallelism by requesting more CPUs per task. To adjust the kill threshold, set the environment variable `RAY_memory_usage_threshold` when starting Ray. To disable worker killing, set the environment variable `RAY_memory_monitor_refresh_ms` to zero. Since 2.56, Ray updated the oom killing policy to enabling killing multiple workers and selecting workers based on the time since the task start executing. To revert to the legacy policy of determining worker to oom kill based on owner group size or only selecting a single worker to kill at a time, set the environment variable `RAY_worker_killing_policy_by_group` to true before starting Ray. If the idle workers have a non-trivial memory footprint at the time of OOM (check OOM log for non-selected idle workers), consider setting the environment variable `RAY_idle_worker_killing_memory_threshold_bytes` to a lower value to consider idle workers with lower memory footprint for killing.
[33m(raylet)[0m Task _shuffle_reduce_task failed due to oom. There are infinite oom retries remaining, so the task will be retried. Error: 2 worker(s) were killed due to the node running low on memory. Memory on the node (IP: 172.21.0.4, ID: 6d4f060467f644eee7a82eeab777caf931596072d32ddb2b54bd8963) was 7.96GB / 8.00GB (0.995569)
OOM kill reason: Memory usage 8514727936B exceeded threshold of 8160437760B (95.0% of 8589934592B total)
Object store memory usage: [- objects spillable: 111
- bytes spillable: 338617222
- objects unsealed: 0
- bytes unsealed: 0
- objects in use: 127
- bytes in use: 580023694
- objects evictable: 131
- bytes evictable: 582763572

- objects created by worker: 119
- bytes created by worker: 356668892
- objects restored: 56
- bytes restored: 367548134
- objects received: 83
- bytes received: 438570240
- objects errored: 0
- bytes errored: 0

Eviction Stats:
(global lru) capacity: 2500000000
(global lru) used: 23.3105%
(global lru) num objects: 131
(global lru) num evictions: 12854
(global lru) bytes evicted: 166400573174]
Ray killed 2 worker(s) based on the killing policy
Considered workers: [
Selected to kill: (Worker with no lease granted: pid=147615, actual memory used=0.15GB, worker ID=14940c8c9d6babaaadf1b31c085d6b9c643c1bcd50fdadf5984079ba)
Selected to kill: (Task: job ID=04000000, lease ID=f708000004000000ffffffffffffffffffffffffffffffffffffffffffffffff, task name=JoinShuffleReduce(num_partitions=200)->MapBatches(apply_udf)->MapBatches(speed_filter)->MapBatches(to_output)->Write, required resources={memory: 7.64519e+08, CPU: 1}, pid=147616, actual memory used=0.70GB, worker ID=939b648ce75404d54c7dd1ccec230b7776f99e6a9c7f30597683e230)
(Task: job ID=04000000, lease ID=f108000004000000ffffffffffffffffffffffffffffffffffffffffffffffff, task name=JoinShuffleReduce(num_partitions=200)->MapBatches(apply_udf)->MapBatches(speed_filter)->MapBatches(to_output)->Write, required resources={CPU: 1, memory: 2.80042e+09}, pid=147617, actual memory used=0.71GB, worker ID=6ccfe2aa13a61d642e0074400f1eb835ca8ccb9267df6da18cae0523)
(Task: job ID=04000000, lease ID=ed08000004000000ffffffffffffffffffffffffffffffffffffffffffffffff, task name=JoinShuffleReduce(num_partitions=200)->MapBatches(apply_udf)->MapBatches(speed_filter)->MapBatches(to_output)->Write, required resources={memory: 5.42641e+08, CPU: 1}, pid=147517, actual memory used=0.99GB, worker ID=f9ecbfce668f8981a442f5b99aaeed6dd2b2c2f94650da14c47697e7)
(Task: job ID=04000000, lease ID=e508000004000000ffffffffffffffffffffffffffffffffffffffffffffffff, task name=JoinShuffleReduce(num_partitions=200)->MapBatches(apply_udf)->MapBatches(speed_filter)->MapBatches(to_output)->Write, required resources={CPU: 1, memory: 1.25545e+09}, pid=147516, actual memory used=1.88GB, worker ID=20340f3584f95e01508c6f2754ef6c30e3dc260e275ddf47b1cf644f)
(Task: job ID=04000000, lease ID=ee08000004000000ffffffffffffffffffffffffffffffffffffffffffffffff, task name=JoinShuffleReduce(num_partitions=200)->MapBatches(apply_udf)->MapBatches(speed_filter)->MapBatches(to_output)->Write, required resources={CPU: 1, memory: 3.59903e+08}, pid=146798, actual memory used=0.75GB, worker ID=309332320d8cd7fa595f1641645831f817943cbe0b8271dc70c17b9e)
]
Total non-selected idle workers: 3
Total non-selected idle workers USS bytes: 0.12GB
To see more information about memory usage on this node, use `ray logs raylet.out -ip 172.21.0.4`
Top 10 memory users: PID	MEM(GB)	COMMAND
147516	1.88	ray::JoinShuffleReduce(num_partitions=200)->MapBatches(apply_udf)->MapBatches(speed_filter)->MapBatc...
147517	0.99	ray::JoinShuffleReduce(num_partitions=200)->MapBatches(apply_udf)->MapBatches(speed_filter)->MapBatc...
146798	0.75	ray::JoinShuffleReduce(num_partitions=200)->MapBatches(apply_udf)->MapBatches(speed_filter)->MapBatc...
147617	0.71	ray::JoinShuffleReduce(num_partitions=200)->MapBatches(apply_udf)->MapBatches(speed_filter)->MapBatc...
147616	0.70	ray::JoinShuffleReduce(num_partitions=200)->MapBatches(apply_udf)->MapBatches(speed_filter)->MapBatc...
48	0.25	/usr/local/lib/python3.13/site-packages/ray/core/src/ray/raylet/raylet --raylet_socket_name=/tmp/ray...
147615	0.15	ray::IDLE
6863	0.05	ray::IDLE_SpillWorker
147619	0.04	ray::IDLE
147621	0.04	ray::IDLE
Refer to the documentation on how to address the out of memory issue: https://docs.ray.io/en/latest/ray-observability/user-guides/debug-apps/debug-memory.html. Consider provisioning more memory on this node or reducing task parallelism by requesting more CPUs per task. To adjust the kill threshold, set the environment variable `RAY_memory_usage_threshold` when starting Ray. To disable worker killing, set the environment variable `RAY_memory_monitor_refresh_ms` to zero. Since 2.56, Ray updated the oom killing policy to enabling killing multiple workers and selecting workers based on the time since the task start executing. To revert to the legacy policy of determining worker to oom kill based on owner group size or only selecting a single worker to kill at a time, set the environment variable `RAY_worker_killing_policy_by_group` to true before starting Ray. If the idle workers have a non-trivial memory footprint at the time of OOM (check OOM log for non-selected idle workers), consider setting the environment variable `RAY_idle_worker_killing_memory_threshold_bytes` to a lower value to consider idle workers with lower memory footprint for killing.
[33m(raylet)[0m Task _shuffle_reduce_task failed due to oom. There are infinite oom retries remaining, so the task will be retried. Error: 3 worker(s) were killed due to the node running low on memory. Memory on the node (IP: 172.21.0.4, ID: 6d4f060467f644eee7a82eeab777caf931596072d32ddb2b54bd8963) was 7.76GB / 8.00GB (0.970030)
OOM kill reason: Memory usage 8333283328B exceeded threshold of 8160437760B (95.0% of 8589934592B total)
Object store memory usage: [- objects spillable: 103
- bytes spillable: 326710200
- objects unsealed: 0
- bytes unsealed: 0
- objects in use: 106
- bytes in use: 331864168
- objects evictable: 118
- bytes evictable: 779210535

- objects created by worker: 113
- bytes created by worker: 347792236
- objects restored: 47
- bytes restored: 367069602
- objects received: 64
- bytes received: 396212865
- objects errored: 0
- bytes errored: 0

Eviction Stats:
(global lru) capacity: 2500000000
(global lru) used: 31.1684%
(global lru) num objects: 118
(global lru) num evictions: 12854
(global lru) bytes evicted: 166400573174]
Ray killed 3 worker(s) based on the killing policy
Considered workers: [
Selected to kill: (Task: job ID=04000000, lease ID=1109000004000000ffffffffffffffffffffffffffffffffffffffffffffffff, task name=JoinShuffleReduce(num_partitions=200)->MapBatches(apply_udf)->MapBatches(speed_filter)->MapBatches(to_output)->Write, required resources={memory: 4.42859e+08, CPU: 1}, pid=147619, actual memory used=0.25GB, worker ID=227862d1a887157dbcd8ed0784989dfeb0b5e8999832ddd0ea704eb9)
Selected to kill: (Task: job ID=04000000, lease ID=0f09000004000000ffffffffffffffffffffffffffffffffffffffffffffffff, task name=JoinShuffleReduce(num_partitions=200)->MapBatches(apply_udf)->MapBatches(speed_filter)->MapBatches(to_output)->Write, required resources={CPU: 1}, pid=147620, actual memory used=0.10GB, worker ID=fda841d90f60a10a527278277cd8c0a7a92b13f54d065c8a05cf896e)
Selected to kill: (Task: job ID=04000000, lease ID=f108000004000000ffffffffffffffffffffffffffffffffffffffffffffffff, task name=JoinShuffleReduce(num_partitions=200)->MapBatches(apply_udf)->MapBatches(speed_filter)->MapBatches(to_output)->Write, required resources={CPU: 1, memory: 2.80042e+09}, pid=147617, actual memory used=2.92GB, worker ID=6ccfe2aa13a61d642e0074400f1eb835ca8ccb9267df6da18cae0523)
(Task: job ID=04000000, lease ID=e508000004000000ffffffffffffffffffffffffffffffffffffffffffffffff, task name=JoinShuffleReduce(num_partitions=200)->MapBatches(apply_udf)->MapBatches(speed_filter)->MapBatches(to_output)->Write, required resources={CPU: 1, memory: 1.25545e+09}, pid=147516, actual memory used=2.21GB, worker ID=20340f3584f95e01508c6f2754ef6c30e3dc260e275ddf47b1cf644f)
]
Total non-selected idle workers: 0
Total non-selected idle workers USS bytes: 0.00GB
To see more information about memory usage on this node, use `ray logs raylet.out -ip 172.21.0.4`
Top 10 memory users: PID	MEM(GB)	COMMAND
147617	2.92	ray::JoinShuffleReduce(num_partitions=200)->MapBatches(apply_udf)->MapBatches(speed_filter)->MapBatc...
147516	2.21	ray::JoinShuffleReduce(num_partitions=200)->MapBatches(apply_udf)->MapBatches(speed_filter)->MapBatc...
147619	0.25	ray::JoinShuffleReduce(num_partitions=200)->MapBatches(apply_udf)->MapBatches(speed_filter)->MapBatc...
48	0.23	/usr/local/lib/python3.13/site-packages/ray/core/src/ray/raylet/raylet --raylet_socket_name=/tmp/ray...
147620	0.10	ray::IDLE
147918	0.04	ray::IDLE
6863	0.03	ray::IDLE_SpillWorker
6864	0.03	ray::IDLE_SpillWorker
6910	0.03	ray::IDLE_SpillWorker
6404	0.03	ray::IDLE_SpillWorker
Refer to the documentation on how to address the out of memory issue: https://docs.ray.io/en/latest/ray-observability/user-guides/debug-apps/debug-memory.html. Consider provisioning more memory on this node or reducing task parallelism by requesting more CPUs per task. To adjust the kill threshold, set the environment variable `RAY_memory_usage_threshold` when starting Ray. To disable worker killing, set the environment variable `RAY_memory_monitor_refresh_ms` to zero. Since 2.56, Ray updated the oom killing policy to enabling killing multiple workers and selecting workers based on the time since the task start executing. To revert to the legacy policy of determining worker to oom kill based on owner group size or only selecting a single worker to kill at a time, set the environment variable `RAY_worker_killing_policy_by_group` to true before starting Ray. If the idle workers have a non-trivial memory footprint at the time of OOM (check OOM log for non-selected idle workers), consider setting the environment variable `RAY_idle_worker_killing_memory_threshold_bytes` to a lower value to consider idle workers with lower memory footprint for killing.
[33m(raylet)[0m Task _shuffle_reduce_task failed due to oom. There are infinite oom retries remaining, so the task will be retried. Error: 2 worker(s) were killed due to the node running low on memory. Memory on the node (IP: 172.21.0.4, ID: 6d4f060467f644eee7a82eeab777caf931596072d32ddb2b54bd8963) was 7.98GB / 8.00GB (0.997302)
OOM kill reason: Memory usage 8562225152B exceeded threshold of 8160437760B (95.0% of 8589934592B total)
Object store memory usage: [- objects spillable: 113
- bytes spillable: 353460658
- objects unsealed: 0
- bytes unsealed: 0
- objects in use: 113
- bytes in use: 353460658
- objects evictable: 94
- bytes evictable: 646884643

- objects created by worker: 123
- bytes created by worker: 380473884
- objects restored: 40
- bytes restored: 313237832
- objects received: 44
- bytes received: 306633585
- objects errored: 0
- bytes errored: 0

Eviction Stats:
(global lru) capacity: 2500000000
(global lru) used: 25.8754%
(global lru) num objects: 94
(global lru) num evictions: 12854
(global lru) bytes evicted: 166400573174]
Ray killed 2 worker(s) based on the killing policy
Considered workers: [
Selected to kill: (Task: job ID=04000000, lease ID=d708000004000000ffffffffffffffffffffffffffffffffffffffffffffffff, task name=JoinShuffleReduce(num_partitions=200)->MapBatches(apply_udf)->MapBatches(speed_filter)->MapBatches(to_output)->Write, required resources={CPU: 1, memory: 3.59903e+08}, pid=147250, actual memory used=0.67GB, worker ID=efe81c8afcf932b6d91608ec3c88074bbc400fa22d4fcf0d4cd330ac)
Selected to kill: (Task: job ID=04000000, lease ID=d308000004000000ffffffffffffffffffffffffffffffffffffffffffffffff, task name=JoinShuffleReduce(num_partitions=200)->MapBatches(apply_udf)->MapBatches(speed_filter)->MapBatches(to_output)->Write, required resources={CPU: 1, memory: 2.80042e+09}, pid=146804, actual memory used=2.31GB, worker ID=f8213e36cac24f99b1a583a94a11e24b0bf373711b9da1b509e7b3f4)
(Task: job ID=04000000, lease ID=ae08000004000000ffffffffffffffffffffffffffffffffffffffffffffffff, task name=JoinShuffleReduce(num_partitions=200)->MapBatches(apply_udf)->MapBatches(speed_filter)->MapBatches(to_output)->Write, required resources={memory: 1.2646e+09, CPU: 1}, pid=146798, actual memory used=2.03GB, worker ID=309332320d8cd7fa595f1641645831f817943cbe0b8271dc70c17b9e)
]
Total non-selected idle workers: 0
Total non-selected idle workers USS bytes: 0.00GB
To see more information about memory usage on this node, use `ray logs raylet.out -ip 172.21.0.4`
Top 10 memory users: PID	MEM(GB)	COMMAND
146804	2.31	ray::JoinShuffleReduce(num_partitions=200)->MapBatches(apply_udf)->MapBatches(speed_filter)->MapBatc...
146798	2.03	ray::JoinShuffleReduce(num_partitions=200)->MapBatches(apply_udf)->MapBatches(speed_filter)->MapBatc...
147250	0.67	ray::JoinShuffleReduce(num_partitions=200)->MapBatches(apply_udf)->MapBatches(speed_filter)->MapBatc...
48	0.14	/usr/local/lib/python3.13/site-packages/ray/core/src/ray/raylet/raylet --raylet_socket_name=/tmp/ray...
6863	0.05	ray::IDLE_SpillWorker
147517	0.04	ray::IDLE
147516	0.04	ray::IDLE
23830	0.03	ray::IDLE_RestoreWorker
23189	0.03	ray::IDLE_RestoreWorker
23831	0.03	ray::IDLE_RestoreWorker
Refer to the documentation on how to address the out of memory issue: https://docs.ray.io/en/latest/ray-observability/user-guides/debug-apps/debug-memory.html. Consider provisioning more memory on this node or reducing task parallelism by requesting more CPUs per task. To adjust the kill threshold, set the environment variable `RAY_memory_usage_threshold` when starting Ray. To disable worker killing, set the environment variable `RAY_memory_monitor_refresh_ms` to zero. Since 2.56, Ray updated the oom killing policy to enabling killing multiple workers and selecting workers based on the time since the task start executing. To revert to the legacy policy of determining worker to oom kill based on owner group size or only selecting a single worker to kill at a time, set the environment variable `RAY_worker_killing_policy_by_group` to true before starting Ray. If the idle workers have a non-trivial memory footprint at the time of OOM (check OOM log for non-selected idle workers), consider setting the environment variable `RAY_idle_worker_killing_memory_threshold_bytes` to a lower value to consider idle workers with lower memory footprint for killing.
[33m(raylet)[0m Task _shuffle_reduce_task failed due to oom. There are infinite oom retries remaining, so the task will be retried. Error: 3 worker(s) were killed due to the node running low on memory. Memory on the node (IP: 172.21.0.3, ID: 9fe5c3a4104087b4491fcf7d901671225b07b6d313cd2c02470f960a) was 7.70GB / 8.00GB (0.963056)
OOM kill reason: Memory usage 8228069376B exceeded threshold of 8160437760B (95.0% of 8589934592B total)
Object store memory usage: [- objects spillable: 136
- bytes spillable: 511875738
- objects unsealed: 0
- bytes unsealed: 0
- objects in use: 153
- bytes in use: 753467249
- objects evictable: 85
- bytes evictable: 552013764

- objects created by worker: 138
- bytes created by worker: 541122078
- objects restored: 24
- bytes restored: 218197208
- objects received: 76
- bytes received: 546161727
- objects errored: 0
- bytes errored: 0

Eviction Stats:
(global lru) capacity: 2500000000
(global lru) used: 22.0806%
(global lru) num objects: 85
(global lru) num evictions: 12447
(global lru) bytes evicted: 152514841048]
Ray killed 3 worker(s) based on the killing policy
Considered workers: [
Selected to kill: (Worker with no lease granted: pid=143720, actual memory used=0.12GB, worker ID=4234874e093b92e4571646a678fed9e0346fdbf5ba37426129de6bca)
Selected to kill: (Worker with no lease granted: pid=143719, actual memory used=0.12GB, worker ID=44e9c42deef3878283a1a6bf3011dd9ea0f5ec1642553f803ee19692)
Selected to kill: (Task: job ID=04000000, lease ID=0109000004000000ffffffffffffffffffffffffffffffffffffffffffffffff, task name=JoinShuffleReduce(num_partitions=200)->MapBatches(apply_udf)->MapBatches(speed_filter)->MapBatches(to_output)->Write, required resources={memory: 2.61967e+09, CPU: 1}, pid=142707, actual memory used=1.16GB, worker ID=573511138688b1216a2be70d4b1a8c0190dc1cc94fe7f58a8de86cd8)
(Task: job ID=04000000, lease ID=0909000004000000ffffffffffffffffffffffffffffffffffffffffffffffff, task name=JoinShuffleReduce(num_partitions=200)->MapBatches(apply_udf)->MapBatches(speed_filter)->MapBatches(to_output)->Write, required resources={memory: 4.19662e+07, CPU: 1}, pid=143718, actual memory used=0.19GB, worker ID=bcc82f4464d564ebb0d3ce4e2bf2675e89ac0f2c5ee4cf3674776434)
(Task: job ID=04000000, lease ID=fd08000004000000ffffffffffffffffffffffffffffffffffffffffffffffff, task name=JoinShuffleReduce(num_partitions=200)->MapBatches(apply_udf)->MapBatches(speed_filter)->MapBatches(to_output)->Write, required resources={CPU: 1, memory: 1.02351e+09}, pid=143558, actual memory used=1.50GB, worker ID=9e0497e97a04a1defee3b08c164165f746a9ea7ddcb4a1be38416b2d)
(Task: job ID=04000000, lease ID=a508000004000000ffffffffffffffffffffffffffffffffffffffffffffffff, task name=JoinShuffleReduce(num_partitions=200)->MapBatches(apply_udf)->MapBatches(speed_filter)->MapBatches(to_output)->Write, required resources={CPU: 1, memory: 1.91578e+09}, pid=143209, actual memory used=2.46GB, worker ID=d4225c62685ae477567edd67f8e64bb64257ca3ec44fe01d7ab04438)
]
Total non-selected idle workers: 1
Total non-selected idle workers USS bytes: 0.04GB
To see more information about memory usage on this node, use `ray logs raylet.out -ip 172.21.0.3`
Top 10 memory users: PID	MEM(GB)	COMMAND
143209	2.46	ray::JoinShuffleReduce(num_partitions=200)->MapBatches(apply_udf)->MapBatches(speed_filter)->MapBatc...
143558	1.50	ray::JoinShuffleReduce(num_partitions=200)->MapBatches(apply_udf)->MapBatches(speed_filter)->MapBatc...
142707	1.16	ray::JoinShuffleReduce(num_partitions=200)->MapBatches(apply_udf)->MapBatches(speed_filter)->MapBatc...
48	0.33	/usr/local/lib/python3.13/site-packages/ray/core/src/ray/raylet/raylet --raylet_socket_name=/tmp/ray...
143718	0.19	ray::IDLE
143720	0.12	ray::IDLE
143719	0.12	ray::IDLE
143721	0.04	ray::IDLE
91	0.02	ray::DashboardAgent
93	0.01	ray::RuntimeEnvAgent
Refer to the documentation on how to address the out of memory issue: https://docs.ray.io/en/latest/ray-observability/user-guides/debug-apps/debug-memory.html. Consider provisioning more memory on this node or reducing task parallelism by requesting more CPUs per task. To adjust the kill threshold, set the environment variable `RAY_memory_usage_threshold` when starting Ray. To disable worker killing, set the environment variable `RAY_memory_monitor_refresh_ms` to zero. Since 2.56, Ray updated the oom killing policy to enabling killing multiple workers and selecting workers based on the time since the task start executing. To revert to the legacy policy of determining worker to oom kill based on owner group size or only selecting a single worker to kill at a time, set the environment variable `RAY_worker_killing_policy_by_group` to true before starting Ray. If the idle workers have a non-trivial memory footprint at the time of OOM (check OOM log for non-selected idle workers), consider setting the environment variable `RAY_idle_worker_killing_memory_threshold_bytes` to a lower value to consider idle workers with lower memory footprint for killing.
[33m(raylet)[0m Task _shuffle_reduce_task failed due to oom. There are infinite oom retries remaining, so the task will be retried. Error: 2 worker(s) were killed due to the node running low on memory. Memory on the node (IP: 172.21.0.3, ID: 9fe5c3a4104087b4491fcf7d901671225b07b6d313cd2c02470f960a) was 7.99GB / 8.00GB (0.998492)
OOM kill reason: Memory usage 8324947968B exceeded threshold of 8160437760B (95.0% of 8589934592B total)
Object store memory usage: [- objects spillable: 148
- bytes spillable: 578083916
- objects unsealed: 0
- bytes unsealed: 0
- objects in use: 150
- bytes in use: 579979975
- objects evictable: 116
- bytes evictable: 858410813

- objects created by worker: 151
- bytes created by worker: 604068450
- objects restored: 30
- bytes restored: 249614993
- objects received: 85
- bytes received: 584707345
- objects errored: 0
- bytes errored: 0

Eviction Stats:
(global lru) capacity: 2500000000
(global lru) used: 34.3364%
(global lru) num objects: 116
(global lru) num evictions: 12447
(global lru) bytes evicted: 152514841048]
Ray killed 2 worker(s) based on the killing policy
Considered workers: [
Selected to kill: (Task: job ID=04000000, lease ID=f308000004000000ffffffffffffffffffffffffffffffffffffffffffffffff, task name=JoinShuffleReduce(num_partitions=200)->MapBatches(apply_udf)->MapBatches(speed_filter)->MapBatches(to_output)->Write, required resources={CPU: 1}, pid=143461, actual memory used=0.09GB, worker ID=7cc3e3d0a337a011dd1378fb893a5bc7e85e8e592ab998ab3eaddff9)
Selected to kill: (Task: job ID=04000000, lease ID=e708000004000000ffffffffffffffffffffffffffffffffffffffffffffffff, task name=JoinShuffleReduce(num_partitions=200)->MapBatches(apply_udf)->MapBatches(speed_filter)->MapBatches(to_output)->Write, required resources={memory: 2.61967e+09, CPU: 1}, pid=143460, actual memory used=1.61GB, worker ID=f8d1c344dfe481252bc7b959d300b02a24c6c9bf0e517b32d3b0207c)
(Task: job ID=04000000, lease ID=a508000004000000ffffffffffffffffffffffffffffffffffffffffffffffff, task name=JoinShuffleReduce(num_partitions=200)->MapBatches(apply_udf)->MapBatches(speed_filter)->MapBatches(to_output)->Write, required resources={CPU: 1, memory: 1.91578e+09}, pid=143209, actual memory used=2.60GB, worker ID=d4225c62685ae477567edd67f8e64bb64257ca3ec44fe01d7ab04438)
(Task: job ID=04000000, lease ID=e308000004000000ffffffffffffffffffffffffffffffffffffffffffffffff, task name=JoinShuffleReduce(num_partitions=200)->MapBatches(apply_udf)->MapBatches(speed_filter)->MapBatches(to_output)->Write, required resources={CPU: 1, memory: 1.12165e+09}, pid=142707, actual memory used=1.58GB, worker ID=573511138688b1216a2be70d4b1a8c0190dc1cc94fe7f58a8de86cd8)
]
Total non-selected idle workers: 0
Total non-selected idle workers USS bytes: 0.00GB
To see more information about memory usage on this node, use `ray logs raylet.out -ip 172.21.0.3`
Top 10 memory users: PID	MEM(GB)	COMMAND
143209	2.60	ray::JoinShuffleReduce(num_partitions=200)->MapBatches(apply_udf)->MapBatches(speed_filter)->MapBatc...
143460	1.61	ray::JoinShuffleReduce(num_partitions=200)->MapBatches(apply_udf)->MapBatches(speed_filter)->MapBatc...
142707	1.58	ray::JoinShuffleReduce(num_partitions=200)->MapBatches(apply_udf)->MapBatches(speed_filter)->MapBatc...
48	0.27	/usr/local/lib/python3.13/site-packages/ray/core/src/ray/raylet/raylet --raylet_socket_name=/tmp/ray...
143461	0.09	ray::JoinShuffleReduce(num_partitions=200)->MapBatches(apply_udf)->MapBatches(speed_filter)->MapBatc...
143557	0.03	/usr/local/bin/python3.13 /usr/local/lib/python3.13/site-packages/ray/_private/workers/default_worke...
143556	0.02	/usr/local/bin/python3.13 /usr/local/lib/python3.13/site-packages/ray/_private/workers/default_worke...
143558	0.02	/usr/local/bin/python3.13 /usr/local/lib/python3.13/site-packages/ray/_private/workers/default_worke...
91	0.02	ray::DashboardAgent
93	0.01	ray::RuntimeEnvAgent
Refer to the documentation on how to address the out of memory issue: https://docs.ray.io/en/latest/ray-observability/user-guides/debug-apps/debug-memory.html. Consider provisioning more memory on this node or reducing task parallelism by requesting more CPUs per task. To adjust the kill threshold, set the environment variable `RAY_memory_usage_threshold` when starting Ray. To disable worker killing, set the environment variable `RAY_memory_monitor_refresh_ms` to zero. Since 2.56, Ray updated the oom killing policy to enabling killing multiple workers and selecting workers based on the time since the task start executing. To revert to the legacy policy of determining worker to oom kill based on owner group size or only selecting a single worker to kill at a time, set the environment variable `RAY_worker_killing_policy_by_group` to true before starting Ray. If the idle workers have a non-trivial memory footprint at the time of OOM (check OOM log for non-selected idle workers), consider setting the environment variable `RAY_idle_worker_killing_memory_threshold_bytes` to a lower value to consider idle workers with lower memory footprint for killing.
[33m(raylet)[0m Task _shuffle_reduce_task failed due to oom. There are infinite oom retries remaining, so the task will be retried. Error: 3 worker(s) were killed due to the node running low on memory. Memory on the node (IP: 172.21.0.4, ID: 6d4f060467f644eee7a82eeab777caf931596072d32ddb2b54bd8963) was 7.98GB / 8.00GB (0.997067)
OOM kill reason: Memory usage 8516014080B exceeded threshold of 8160437760B (95.0% of 8589934592B total)
Object store memory usage: [- objects spillable: 86
- bytes spillable: 271044537
- objects unsealed: 0
- bytes unsealed: 0
- objects in use: 87
- bytes in use: 271830756
- objects evictable: 144
- bytes evictable: 811781901

- objects created by worker: 93
- bytes created by worker: 289750336
- objects restored: 68
- bytes restored: 411839157
- objects received: 70
- bytes received: 382023164
- objects errored: 0
- bytes errored: 0

Eviction Stats:
(global lru) capacity: 2500000000
(global lru) used: 32.4713%
(global lru) num objects: 144
(global lru) num evictions: 12854
(global lru) bytes evicted: 166400573174]
Ray killed 3 worker(s) based on the killing policy
Considered workers: [
Selected to kill: (Worker with no lease granted: pid=148019, actual memory used=0.19GB, worker ID=8beb8dce3e58c21df6e260c274e1525cb41912e7b4d7eb7930efca8e)
Selected to kill: (Task: job ID=04000000, lease ID=5509000004000000ffffffffffffffffffffffffffffffffffffffffffffffff, task name=JoinShuffleReduce(num_partitions=200)->MapBatches(apply_udf)->MapBatches(speed_filter)->MapBatches(to_output)->Write, required resources={memory: 1.16968e+07, CPU: 1}, pid=148220, actual memory used=0.10GB, worker ID=8fd33944bd7d2fcb24143d1b02ad148cd85c26017d3a4dc3a108ec5a)
Selected to kill: (Task: job ID=04000000, lease ID=3b09000004000000ffffffffffffffffffffffffffffffffffffffffffffffff, task name=JoinShuffleReduce(num_partitions=200)->MapBatches(apply_udf)->MapBatches(speed_filter)->MapBatches(to_output)->Write, required resources={CPU: 1, memory: 2.80042e+09}, pid=147969, actual memory used=2.21GB, worker ID=d103cff2719c96a4b9429e94fe570f0e9a8d1f0a070cf5c694dfd36a)
(Task: job ID=04000000, lease ID=3509000004000000ffffffffffffffffffffffffffffffffffffffffffffffff, task name=JoinShuffleReduce(num_partitions=200)->MapBatches(apply_udf)->MapBatches(speed_filter)->MapBatches(to_output)->Write, required resources={CPU: 1, memory: 9.60623e+08}, pid=147965, actual memory used=1.51GB, worker ID=16b79df881ad7c9260ec7fc6d862426f2c9ff63ee2224cdef83f165c)
(Task: job ID=04000000, lease ID=3909000004000000ffffffffffffffffffffffffffffffffffffffffffffffff, task name=JoinShuffleReduce(num_partitions=200)->MapBatches(apply_udf)->MapBatches(speed_filter)->MapBatches(to_output)->Write, required resources={memory: 1.14761e+09, CPU: 1}, pid=147920, actual memory used=1.70GB, worker ID=ae00627c5e1fc8bd38125140e28fd2247469b40d357a3c6492a3d449)
(Task: job ID=04000000, lease ID=1309000004000000ffffffffffffffffffffffffffffffffffffffffffffffff, task name=JoinShuffleReduce(num_partitions=200)->MapBatches(apply_udf)->MapBatches(speed_filter)->MapBatches(to_output)->Write, required resources={CPU: 1, memory: 7.64519e+08}, pid=147918, actual memory used=0.66GB, worker ID=b0ecf1225e4a94e95ccf6217c54800322b560c9c000b39bca9ea501b)
]
Total non-selected idle workers: 1
Total non-selected idle workers USS bytes: 0.04GB
To see more information about memory usage on this node, use `ray logs raylet.out -ip 172.21.0.4`
Top 10 memory users: PID	MEM(GB)	COMMAND
147969	2.21	ray::JoinShuffleReduce(num_partitions=200)->MapBatches(apply_udf)->MapBatches(speed_filter)->MapBatc...
147920	1.70	ray::JoinShuffleReduce(num_partitions=200)->MapBatches(apply_udf)->MapBatches(speed_filter)->MapBatc...
147965	1.51	ray::JoinShuffleReduce(num_partitions=200)->MapBatches(apply_udf)->MapBatches(speed_filter)->MapBatc...
147918	0.66	ray::JoinShuffleReduce(num_partitions=200)->MapBatches(apply_udf)->MapBatches(speed_filter)->MapBatc...
48	0.26	/usr/local/lib/python3.13/site-packages/ray/core/src/ray/raylet/raylet --raylet_socket_name=/tmp/ray...
148019	0.19	ray::IDLE
148220	0.10	ray::JoinShuffleReduce(num_partitions=200)->MapBatches(apply_udf)->MapBatches(speed_filter)->MapBatc...
148221	0.04	ray::IDLE
6910	0.02	ray::IDLE_SpillWorker
6863	0.02	ray::IDLE_SpillWorker
Refer to the documentation on how to address the out of memory issue: https://docs.ray.io/en/latest/ray-observability/user-guides/debug-apps/debug-memory.html. Consider provisioning more memory on this node or reducing task parallelism by requesting more CPUs per task. To adjust the kill threshold, set the environment variable `RAY_memory_usage_threshold` when starting Ray. To disable worker killing, set the environment variable `RAY_memory_monitor_refresh_ms` to zero. Since 2.56, Ray updated the oom killing policy to enabling killing multiple workers and selecting workers based on the time since the task start executing. To revert to the legacy policy of determining worker to oom kill based on owner group size or only selecting a single worker to kill at a time, set the environment variable `RAY_worker_killing_policy_by_group` to true before starting Ray. If the idle workers have a non-trivial memory footprint at the time of OOM (check OOM log for non-selected idle workers), consider setting the environment variable `RAY_idle_worker_killing_memory_threshold_bytes` to a lower value to consider idle workers with lower memory footprint for killing.
[33m(raylet)[0m Task _shuffle_reduce_task failed due to oom. There are infinite oom retries remaining, so the task will be retried. Error: 3 worker(s) were killed due to the node running low on memory. Memory on the node (IP: 172.21.0.4, ID: 6d4f060467f644eee7a82eeab777caf931596072d32ddb2b54bd8963) was 7.76GB / 8.00GB (0.970030)
OOM kill reason: Memory usage 8333283328B exceeded threshold of 8160437760B (95.0% of 8589934592B total)
Object store memory usage: [- objects spillable: 103
- bytes spillable: 326710200
- objects unsealed: 0
- bytes unsealed: 0
- objects in use: 106
- bytes in use: 331864168
- objects evictable: 118
- bytes evictable: 779210535

- objects created by worker: 113
- bytes created by worker: 347792236
- objects restored: 47
- bytes restored: 367069602
- objects received: 64
- bytes received: 396212865
- objects errored: 0
- bytes errored: 0

Eviction Stats:
(global lru) capacity: 2500000000
(global lru) used: 31.1684%
(global lru) num objects: 118
(global lru) num evictions: 12854
(global lru) bytes evicted: 166400573174]
Ray killed 3 worker(s) based on the killing policy
Considered workers: [
Selected to kill: (Task: job ID=04000000, lease ID=1109000004000000ffffffffffffffffffffffffffffffffffffffffffffffff, task name=JoinShuffleReduce(num_partitions=200)->MapBatches(apply_udf)->MapBatches(speed_filter)->MapBatches(to_output)->Write, required resources={memory: 4.42859e+08, CPU: 1}, pid=147619, actual memory used=0.25GB, worker ID=227862d1a887157dbcd8ed0784989dfeb0b5e8999832ddd0ea704eb9)
Selected to kill: (Task: job ID=04000000, lease ID=0f09000004000000ffffffffffffffffffffffffffffffffffffffffffffffff, task name=JoinShuffleReduce(num_partitions=200)->MapBatches(apply_udf)->MapBatches(speed_filter)->MapBatches(to_output)->Write, required resources={CPU: 1}, pid=147620, actual memory used=0.10GB, worker ID=fda841d90f60a10a527278277cd8c0a7a92b13f54d065c8a05cf896e)
Selected to kill: (Task: job ID=04000000, lease ID=f108000004000000ffffffffffffffffffffffffffffffffffffffffffffffff, task name=JoinShuffleReduce(num_partitions=200)->MapBatches(apply_udf)->MapBatches(speed_filter)->MapBatches(to_output)->Write, required resources={CPU: 1, memory: 2.80042e+09}, pid=147617, actual memory used=2.92GB, worker ID=6ccfe2aa13a61d642e0074400f1eb835ca8ccb9267df6da18cae0523)
(Task: job ID=04000000, lease ID=e508000004000000ffffffffffffffffffffffffffffffffffffffffffffffff, task name=JoinShuffleReduce(num_partitions=200)->MapBatches(apply_udf)->MapBatches(speed_filter)->MapBatches(to_output)->Write, required resources={CPU: 1, memory: 1.25545e+09}, pid=147516, actual memory used=2.21GB, worker ID=20340f3584f95e01508c6f2754ef6c30e3dc260e275ddf47b1cf644f)
]
Total non-selected idle workers: 0
Total non-selected idle workers USS bytes: 0.00GB
To see more information about memory usage on this node, use `ray logs raylet.out -ip 172.21.0.4`
Top 10 memory users: PID	MEM(GB)	COMMAND
147617	2.92	ray::JoinShuffleReduce(num_partitions=200)->MapBatches(apply_udf)->MapBatches(speed_filter)->MapBatc...
147516	2.21	ray::JoinShuffleReduce(num_partitions=200)->MapBatches(apply_udf)->MapBatches(speed_filter)->MapBatc...
147619	0.25	ray::JoinShuffleReduce(num_partitions=200)->MapBatches(apply_udf)->MapBatches(speed_filter)->MapBatc...
48	0.23	/usr/local/lib/python3.13/site-packages/ray/core/src/ray/raylet/raylet --raylet_socket_name=/tmp/ray...
147620	0.10	ray::IDLE
147918	0.04	ray::IDLE
6863	0.03	ray::IDLE_SpillWorker
6864	0.03	ray::IDLE_SpillWorker
6910	0.03	ray::IDLE_SpillWorker
6404	0.03	ray::IDLE_SpillWorker
Refer to the documentation on how to address the out of memory issue: https://docs.ray.io/en/latest/ray-observability/user-guides/debug-apps/debug-memory.html. Consider provisioning more memory on this node or reducing task parallelism by requesting more CPUs per task. To adjust the kill threshold, set the environment variable `RAY_memory_usage_threshold` when starting Ray. To disable worker killing, set the environment variable `RAY_memory_monitor_refresh_ms` to zero. Since 2.56, Ray updated the oom killing policy to enabling killing multiple workers and selecting workers based on the time since the task start executing. To revert to the legacy policy of determining worker to oom kill based on owner group size or only selecting a single worker to kill at a time, set the environment variable `RAY_worker_killing_policy_by_group` to true before starting Ray. If the idle workers have a non-trivial memory footprint at the time of OOM (check OOM log for non-selected idle workers), consider setting the environment variable `RAY_idle_worker_killing_memory_threshold_bytes` to a lower value to consider idle workers with lower memory footprint for killing.
[33m(raylet)[0m Task _shuffle_reduce_task failed due to oom. There are infinite oom retries remaining, so the task will be retried. Error: 2 worker(s) were killed due to the node running low on memory. Memory on the node (IP: 172.21.0.3, ID: 9fe5c3a4104087b4491fcf7d901671225b07b6d313cd2c02470f960a) was 7.99GB / 8.00GB (0.998645)
OOM kill reason: Memory usage 8384032768B exceeded threshold of 8160437760B (95.0% of 8589934592B total)
Object store memory usage: [- objects spillable: 111
- bytes spillable: 460561951
- objects unsealed: 0
- bytes unsealed: 0
- objects in use: 112
- bytes in use: 461350846
- objects evictable: 119
- bytes evictable: 683664360

- objects created by worker: 114
- bytes created by worker: 468687093
- objects restored: 27
- bytes restored: 162732951
- objects received: 90
- bytes received: 513595162
- objects errored: 0
- bytes errored: 0

Eviction Stats:
(global lru) capacity: 2500000000
(global lru) used: 27.3466%
(global lru) num objects: 119
(global lru) num evictions: 12447
(global lru) bytes evicted: 152514841048]
Ray killed 2 worker(s) based on the killing policy
Considered workers: [
Selected to kill: (Task: job ID=04000000, lease ID=5b09000004000000ffffffffffffffffffffffffffffffffffffffffffffffff, task name=JoinShuffleReduce(num_partitions=200)->MapBatches(apply_udf)->MapBatches(speed_filter)->MapBatches(to_output)->Write, required resources={memory: 3.98563e+07, CPU: 1}, pid=143721, actual memory used=0.50GB, worker ID=07109649fbb1741ae24541383a36208edb93c2ed14325b22c6bdbca8)
Selected to kill: (Task: job ID=04000000, lease ID=4b09000004000000ffffffffffffffffffffffffffffffffffffffffffffffff, task name=JoinShuffleReduce(num_partitions=200)->MapBatches(apply_udf)->MapBatches(speed_filter)->MapBatches(to_output)->Write, required resources={CPU: 1, memory: 5.82736e+08}, pid=143718, actual memory used=0.92GB, worker ID=bcc82f4464d564ebb0d3ce4e2bf2675e89ac0f2c5ee4cf3674776434)
(Task: job ID=04000000, lease ID=3d09000004000000ffffffffffffffffffffffffffffffffffffffffffffffff, task name=JoinShuffleReduce(num_partitions=200)->MapBatches(apply_udf)->MapBatches(speed_filter)->MapBatches(to_output)->Write, required resources={CPU: 1, memory: 2.61967e+09}, pid=143558, actual memory used=1.93GB, worker ID=9e0497e97a04a1defee3b08c164165f746a9ea7ddcb4a1be38416b2d)
(Task: job ID=04000000, lease ID=2f09000004000000ffffffffffffffffffffffffffffffffffffffffffffffff, task name=JoinShuffleReduce(num_partitions=200)->MapBatches(apply_udf)->MapBatches(speed_filter)->MapBatches(to_output)->Write, required resources={memory: 1.01665e+09, CPU: 1}, pid=143209, actual memory used=1.64GB, worker ID=d4225c62685ae477567edd67f8e64bb64257ca3ec44fe01d7ab04438)
(Task: job ID=04000000, lease ID=3709000004000000ffffffffffffffffffffffffffffffffffffffffffffffff, task name=JoinShuffleReduce(num_partitions=200)->MapBatches(apply_udf)->MapBatches(speed_filter)->MapBatches(to_output)->Write, required resources={CPU: 1, memory: 1.09924e+09}, pid=143921, actual memory used=1.65GB, worker ID=00295d87ca9fb005adfd5b9b250428d1dd65a19d7efe519790e5a140)
]
Total non-selected idle workers: 1
Total non-selected idle workers USS bytes: 0.04GB
To see more information about memory usage on this node, use `ray logs raylet.out -ip 172.21.0.3`
Top 10 memory users: PID	MEM(GB)	COMMAND
143558	1.93	ray::JoinShuffleReduce(num_partitions=200)->MapBatches(apply_udf)->MapBatches(speed_filter)->MapBatc...
143921	1.65	ray::JoinShuffleReduce(num_partitions=200)->MapBatches(apply_udf)->MapBatches(speed_filter)->MapBatc...
143209	1.64	ray::JoinShuffleReduce(num_partitions=200)->MapBatches(apply_udf)->MapBatches(speed_filter)->MapBatc...
143718	0.92	ray::JoinShuffleReduce(num_partitions=200)->MapBatches(apply_udf)->MapBatches(speed_filter)->MapBatc...
143721	0.50	ray::IDLE
48	0.27	/usr/local/lib/python3.13/site-packages/ray/core/src/ray/raylet/raylet --raylet_socket_name=/tmp/ray...
143976	0.04	ray::IDLE
91	0.02	ray::DashboardAgent
93	0.01	ray::RuntimeEnvAgent
24003	0.00	ray::IDLE_RestoreWorker
Refer to the documentation on how to address the out of memory issue: https://docs.ray.io/en/latest/ray-observability/user-guides/debug-apps/debug-memory.html. Consider provisioning more memory on this node or reducing task parallelism by requesting more CPUs per task. To adjust the kill threshold, set the environment variable `RAY_memory_usage_threshold` when starting Ray. To disable worker killing, set the environment variable `RAY_memory_monitor_refresh_ms` to zero. Since 2.56, Ray updated the oom killing policy to enabling killing multiple workers and selecting workers based on the time since the task start executing. To revert to the legacy policy of determining worker to oom kill based on owner group size or only selecting a single worker to kill at a time, set the environment variable `RAY_worker_killing_policy_by_group` to true before starting Ray. If the idle workers have a non-trivial memory footprint at the time of OOM (check OOM log for non-selected idle workers), consider setting the environment variable `RAY_idle_worker_killing_memory_threshold_bytes` to a lower value to consider idle workers with lower memory footprint for killing.
[33m(raylet)[0m Task _shuffle_reduce_task failed due to oom. There are infinite oom retries remaining, so the task will be retried. Error: 2 worker(s) were killed due to the node running low on memory. Memory on the node (IP: 172.21.0.3, ID: 9fe5c3a4104087b4491fcf7d901671225b07b6d313cd2c02470f960a) was 7.64GB / 8.00GB (0.955232)
OOM kill reason: Memory usage 8179138560B exceeded threshold of 8160437760B (95.0% of 8589934592B total)
Object store memory usage: [- objects spillable: 110
- bytes spillable: 460363992
- objects unsealed: 0
- bytes unsealed: 0
- objects in use: 111
- bytes in use: 461150211
- objects evictable: 105
- bytes evictable: 671231685

- objects created by worker: 110
- bytes created by worker: 460363992
- objects restored: 24
- bytes restored: 162263778
- objects received: 82
- bytes received: 509754126
- objects errored: 0
- bytes errored: 0

Eviction Stats:
(global lru) capacity: 2500000000
(global lru) used: 26.8493%
(global lru) num objects: 105
(global lru) num evictions: 12447
(global lru) bytes evicted: 152514841048]
Ray killed 2 worker(s) based on the killing policy
Considered workers: [
Selected to kill: (Task: job ID=04000000, lease ID=5f09000004000000ffffffffffffffffffffffffffffffffffffffffffffffff, task name=JoinShuffleReduce(num_partitions=200)->MapBatches(apply_udf)->MapBatches(speed_filter)->MapBatches(to_output)->Write, required resources={memory: 1.16968e+07, CPU: 1}, pid=143976, actual memory used=0.10GB, worker ID=1ca7be2335cbf4d03e4abffe1255e33c17555e5826dbba62dedcbba1)
Selected to kill: (Task: job ID=04000000, lease ID=3d09000004000000ffffffffffffffffffffffffffffffffffffffffffffffff, task name=JoinShuffleReduce(num_partitions=200)->MapBatches(apply_udf)->MapBatches(speed_filter)->MapBatches(to_output)->Write, required resources={CPU: 1, memory: 2.61967e+09}, pid=143558, actual memory used=2.85GB, worker ID=9e0497e97a04a1defee3b08c164165f746a9ea7ddcb4a1be38416b2d)
(Task: job ID=04000000, lease ID=2f09000004000000ffffffffffffffffffffffffffffffffffffffffffffffff, task name=JoinShuffleReduce(num_partitions=200)->MapBatches(apply_udf)->MapBatches(speed_filter)->MapBatches(to_output)->Write, required resources={memory: 1.01665e+09, CPU: 1}, pid=143209, actual memory used=1.49GB, worker ID=d4225c62685ae477567edd67f8e64bb64257ca3ec44fe01d7ab04438)
(Task: job ID=04000000, lease ID=3709000004000000ffffffffffffffffffffffffffffffffffffffffffffffff, task name=JoinShuffleReduce(num_partitions=200)->MapBatches(apply_udf)->MapBatches(speed_filter)->MapBatches(to_output)->Write, required resources={CPU: 1, memory: 1.09924e+09}, pid=143921, actual memory used=1.86GB, worker ID=00295d87ca9fb005adfd5b9b250428d1dd65a19d7efe519790e5a140)
]
Total non-selected idle workers: 0
Total non-selected idle workers USS bytes: 0.00GB
To see more information about memory usage on this node, use `ray logs raylet.out -ip 172.21.0.3`
Top 10 memory users: PID	MEM(GB)	COMMAND
143558	2.85	ray::JoinShuffleReduce(num_partitions=200)->MapBatches(apply_udf)->MapBatches(speed_filter)->MapBatc...
143921	1.86	ray::JoinShuffleReduce(num_partitions=200)->MapBatches(apply_udf)->MapBatches(speed_filter)->MapBatc...
143209	1.49	ray::JoinShuffleReduce(num_partitions=200)->MapBatches(apply_udf)->MapBatches(speed_filter)->MapBatc...
48	0.23	/usr/local/lib/python3.13/site-packages/ray/core/src/ray/raylet/raylet --raylet_socket_name=/tmp/ray...
143976	0.10	ray::JoinShuffleReduce(num_partitions=200)->MapBatches(apply_udf)->MapBatches(speed_filter)->MapBatc...
91	0.02	ray::DashboardAgent
93	0.01	ray::RuntimeEnvAgent
24003	0.00	ray::IDLE_RestoreWorker
23681	0.00	ray::IDLE_RestoreWorker
24002	0.00	ray::IDLE_RestoreWorker
Refer to the documentation on how to address the out of memory issue: https://docs.ray.io/en/latest/ray-observability/user-guides/debug-apps/debug-memory.html. Consider provisioning more memory on this node or reducing task parallelism by requesting more CPUs per task. To adjust the kill threshold, set the environment variable `RAY_memory_usage_threshold` when starting Ray. To disable worker killing, set the environment variable `RAY_memory_monitor_refresh_ms` to zero. Since 2.56, Ray updated the oom killing policy to enabling killing multiple workers and selecting workers based on the time since the task start executing. To revert to the legacy policy of determining worker to oom kill based on owner group size or only selecting a single worker to kill at a time, set the environment variable `RAY_worker_killing_policy_by_group` to true before starting Ray. If the idle workers have a non-trivial memory footprint at the time of OOM (check OOM log for non-selected idle workers), consider setting the environment variable `RAY_idle_worker_killing_memory_threshold_bytes` to a lower value to consider idle workers with lower memory footprint for killing.
[33m(raylet)[0m Task _shuffle_reduce_task failed due to oom. There are infinite oom retries remaining, so the task will be retried. Error: 3 worker(s) were killed due to the node running low on memory. Memory on the node (IP: 172.21.0.4, ID: 6d4f060467f644eee7a82eeab777caf931596072d32ddb2b54bd8963) was 7.98GB / 8.00GB (0.997369)
OOM kill reason: Memory usage 8449429504B exceeded threshold of 8160437760B (95.0% of 8589934592B total)
Object store memory usage: [- objects spillable: 49
- bytes spillable: 208797412
- objects unsealed: 0
- bytes unsealed: 0
- objects in use: 49
- bytes in use: 208797412
- objects evictable: 176
- bytes evictable: 978972205

- objects created by worker: 57
- bytes created by worker: 223078295
- objects restored: 75
- bytes restored: 473285172
- objects received: 93
- bytes received: 491406150
- objects errored: 0
- bytes errored: 0

Eviction Stats:
(global lru) capacity: 2500000000
(global lru) used: 39.1589%
(global lru) num objects: 176
(global lru) num evictions: 12854
(global lru) bytes evicted: 166400573174]
Ray killed 3 worker(s) based on the killing policy
Considered workers: [
Selected to kill: (Worker with no lease granted: pid=147965, actual memory used=0.28GB, worker ID=16b79df881ad7c9260ec7fc6d862426f2c9ff63ee2224cdef83f165c)
Selected to kill: (Worker with no lease granted: pid=148335, actual memory used=0.27GB, worker ID=7bcaad36f456f6515d9cbb46b0cfe2f155661964fd8ee3b59c01414a)
Selected to kill: (Task: job ID=04000000, lease ID=ad09000004000000ffffffffffffffffffffffffffffffffffffffffffffffff, task name=JoinShuffleReduce(num_partitions=200)->MapBatches(apply_udf)->MapBatches(speed_filter)->MapBatches(to_output)->Write, required resources={CPU: 1, memory: 2.35861e+08}, pid=147918, actual memory used=0.71GB, worker ID=b0ecf1225e4a94e95ccf6217c54800322b560c9c000b39bca9ea501b)
(Task: job ID=04000000, lease ID=a909000004000000ffffffffffffffffffffffffffffffffffffffffffffffff, task name=JoinShuffleReduce(num_partitions=200)->MapBatches(apply_udf)->MapBatches(speed_filter)->MapBatches(to_output)->Write, required resources={CPU: 1, memory: 6.31698e+08}, pid=148336, actual memory used=0.72GB, worker ID=66bcdd69f78ce489a0940344ef94881c44db5b738e8fdac8fc0b5a57)
(Task: job ID=04000000, lease ID=9909000004000000ffffffffffffffffffffffffffffffffffffffffffffffff, task name=JoinShuffleReduce(num_partitions=200)->MapBatches(apply_udf)->MapBatches(speed_filter)->MapBatches(to_output)->Write, required resources={memory: 3.3551e+08, CPU: 1}, pid=148221, actual memory used=0.84GB, worker ID=1f9058a869170c2c36b7d36a9a5002148d16dcf8bfd2f5b581d3e4d0)
(Task: job ID=04000000, lease ID=7109000004000000ffffffffffffffffffffffffffffffffffffffffffffffff, task name=JoinShuffleReduce(num_partitions=200)->MapBatches(apply_udf)->MapBatches(speed_filter)->MapBatches(to_output)->Write, required resources={memory: 2.96368e+09, CPU: 1}, pid=147920, actual memory used=3.41GB, worker ID=ae00627c5e1fc8bd38125140e28fd2247469b40d357a3c6492a3d449)
]
Total non-selected idle workers: 1
Total non-selected idle workers USS bytes: 0.04GB
To see more information about memory usage on this node, use `ray logs raylet.out -ip 172.21.0.4`
Top 10 memory users: PID	MEM(GB)	COMMAND
147920	3.41	ray::JoinShuffleReduce(num_partitions=200)->MapBatches(apply_udf)->MapBatches(speed_filter)->MapBatc...
148221	0.84	ray::JoinShuffleReduce(num_partitions=200)->MapBatches(apply_udf)->MapBatches(speed_filter)->MapBatc...
148336	0.72	ray::JoinShuffleReduce(num_partitions=200)->MapBatches(apply_udf)->MapBatches(speed_filter)->MapBatc...
147918	0.71	ray::JoinShuffleReduce(num_partitions=200)->MapBatches(apply_udf)->MapBatches(speed_filter)->MapBatc...
48	0.29	/usr/local/lib/python3.13/site-packages/ray/core/src/ray/raylet/raylet --raylet_socket_name=/tmp/ray...
147965	0.28	ray::IDLE
148335	0.27	ray::IDLE
148361	0.04	ray::IDLE
91	0.02	ray::DashboardAgent
93	0.01	ray::RuntimeEnvAgent
Refer to the documentation on how to address the out of memory issue: https://docs.ray.io/en/latest/ray-observability/user-guides/debug-apps/debug-memory.html. Consider provisioning more memory on this node or reducing task parallelism by requesting more CPUs per task. To adjust the kill threshold, set the environment variable `RAY_memory_usage_threshold` when starting Ray. To disable worker killing, set the environment variable `RAY_memory_monitor_refresh_ms` to zero. Since 2.56, Ray updated the oom killing policy to enabling killing multiple workers and selecting workers based on the time since the task start executing. To revert to the legacy policy of determining worker to oom kill based on owner group size or only selecting a single worker to kill at a time, set the environment variable `RAY_worker_killing_policy_by_group` to true before starting Ray. If the idle workers have a non-trivial memory footprint at the time of OOM (check OOM log for non-selected idle workers), consider setting the environment variable `RAY_idle_worker_killing_memory_threshold_bytes` to a lower value to consider idle workers with lower memory footprint for killing.
[33m(raylet)[0m Task _shuffle_reduce_task failed due to oom. There are infinite oom retries remaining, so the task will be retried. Error: 3 worker(s) were killed due to the node running low on memory. Memory on the node (IP: 172.21.0.4, ID: 6d4f060467f644eee7a82eeab777caf931596072d32ddb2b54bd8963) was 7.98GB / 8.00GB (0.997067)
OOM kill reason: Memory usage 8516014080B exceeded threshold of 8160437760B (95.0% of 8589934592B total)
Object store memory usage: [- objects spillable: 86
- bytes spillable: 271044537
- objects unsealed: 0
- bytes unsealed: 0
- objects in use: 87
- bytes in use: 271830756
- objects evictable: 144
- bytes evictable: 811781901

- objects created by worker: 93
- bytes created by worker: 289750336
- objects restored: 68
- bytes restored: 411839157
- objects received: 70
- bytes received: 382023164
- objects errored: 0
- bytes errored: 0

Eviction Stats:
(global lru) capacity: 2500000000
(global lru) used: 32.4713%
(global lru) num objects: 144
(global lru) num evictions: 12854
(global lru) bytes evicted: 166400573174]
Ray killed 3 worker(s) based on the killing policy
Considered workers: [
Selected to kill: (Worker with no lease granted: pid=148019, actual memory used=0.19GB, worker ID=8beb8dce3e58c21df6e260c274e1525cb41912e7b4d7eb7930efca8e)
Selected to kill: (Task: job ID=04000000, lease ID=5509000004000000ffffffffffffffffffffffffffffffffffffffffffffffff, task name=JoinShuffleReduce(num_partitions=200)->MapBatches(apply_udf)->MapBatches(speed_filter)->MapBatches(to_output)->Write, required resources={memory: 1.16968e+07, CPU: 1}, pid=148220, actual memory used=0.10GB, worker ID=8fd33944bd7d2fcb24143d1b02ad148cd85c26017d3a4dc3a108ec5a)
Selected to kill: (Task: job ID=04000000, lease ID=3b09000004000000ffffffffffffffffffffffffffffffffffffffffffffffff, task name=JoinShuffleReduce(num_partitions=200)->MapBatches(apply_udf)->MapBatches(speed_filter)->MapBatches(to_output)->Write, required resources={CPU: 1, memory: 2.80042e+09}, pid=147969, actual memory used=2.21GB, worker ID=d103cff2719c96a4b9429e94fe570f0e9a8d1f0a070cf5c694dfd36a)
(Task: job ID=04000000, lease ID=3509000004000000ffffffffffffffffffffffffffffffffffffffffffffffff, task name=JoinShuffleReduce(num_partitions=200)->MapBatches(apply_udf)->MapBatches(speed_filter)->MapBatches(to_output)->Write, required resources={CPU: 1, memory: 9.60623e+08}, pid=147965, actual memory used=1.51GB, worker ID=16b79df881ad7c9260ec7fc6d862426f2c9ff63ee2224cdef83f165c)
(Task: job ID=04000000, lease ID=3909000004000000ffffffffffffffffffffffffffffffffffffffffffffffff, task name=JoinShuffleReduce(num_partitions=200)->MapBatches(apply_udf)->MapBatches(speed_filter)->MapBatches(to_output)->Write, required resources={memory: 1.14761e+09, CPU: 1}, pid=147920, actual memory used=1.70GB, worker ID=ae00627c5e1fc8bd38125140e28fd2247469b40d357a3c6492a3d449)
(Task: job ID=04000000, lease ID=1309000004000000ffffffffffffffffffffffffffffffffffffffffffffffff, task name=JoinShuffleReduce(num_partitions=200)->MapBatches(apply_udf)->MapBatches(speed_filter)->MapBatches(to_output)->Write, required resources={CPU: 1, memory: 7.64519e+08}, pid=147918, actual memory used=0.66GB, worker ID=b0ecf1225e4a94e95ccf6217c54800322b560c9c000b39bca9ea501b)
]
Total non-selected idle workers: 1
Total non-selected idle workers USS bytes: 0.04GB
To see more information about memory usage on this node, use `ray logs raylet.out -ip 172.21.0.4`
Top 10 memory users: PID	MEM(GB)	COMMAND
147969	2.21	ray::JoinShuffleReduce(num_partitions=200)->MapBatches(apply_udf)->MapBatches(speed_filter)->MapBatc...
147920	1.70	ray::JoinShuffleReduce(num_partitions=200)->MapBatches(apply_udf)->MapBatches(speed_filter)->MapBatc...
147965	1.51	ray::JoinShuffleReduce(num_partitions=200)->MapBatches(apply_udf)->MapBatches(speed_filter)->MapBatc...
147918	0.66	ray::JoinShuffleReduce(num_partitions=200)->MapBatches(apply_udf)->MapBatches(speed_filter)->MapBatc...
48	0.26	/usr/local/lib/python3.13/site-packages/ray/core/src/ray/raylet/raylet --raylet_socket_name=/tmp/ray...
148019	0.19	ray::IDLE
148220	0.10	ray::JoinShuffleReduce(num_partitions=200)->MapBatches(apply_udf)->MapBatches(speed_filter)->MapBatc...
148221	0.04	ray::IDLE
6910	0.02	ray::IDLE_SpillWorker
6863	0.02	ray::IDLE_SpillWorker
Refer to the documentation on how to address the out of memory issue: https://docs.ray.io/en/latest/ray-observability/user-guides/debug-apps/debug-memory.html. Consider provisioning more memory on this node or reducing task parallelism by requesting more CPUs per task. To adjust the kill threshold, set the environment variable `RAY_memory_usage_threshold` when starting Ray. To disable worker killing, set the environment variable `RAY_memory_monitor_refresh_ms` to zero. Since 2.56, Ray updated the oom killing policy to enabling killing multiple workers and selecting workers based on the time since the task start executing. To revert to the legacy policy of determining worker to oom kill based on owner group size or only selecting a single worker to kill at a time, set the environment variable `RAY_worker_killing_policy_by_group` to true before starting Ray. If the idle workers have a non-trivial memory footprint at the time of OOM (check OOM log for non-selected idle workers), consider setting the environment variable `RAY_idle_worker_killing_memory_threshold_bytes` to a lower value to consider idle workers with lower memory footprint for killing.
[33m(raylet)[0m Task _shuffle_reduce_task failed due to oom. There are infinite oom retries remaining, so the task will be retried. Error: 2 worker(s) were killed due to the node running low on memory. Memory on the node (IP: 172.21.0.3, ID: 9fe5c3a4104087b4491fcf7d901671225b07b6d313cd2c02470f960a) was 7.64GB / 8.00GB (0.955232)
OOM kill reason: Memory usage 8179138560B exceeded threshold of 8160437760B (95.0% of 8589934592B total)
Object store memory usage: [- objects spillable: 110
- bytes spillable: 460363992
- objects unsealed: 0
- bytes unsealed: 0
- objects in use: 111
- bytes in use: 461150211
- objects evictable: 105
- bytes evictable: 671231685

- objects created by worker: 110
- bytes created by worker: 460363992
- objects restored: 24
- bytes restored: 162263778
- objects received: 82
- bytes received: 509754126
- objects errored: 0
- bytes errored: 0

Eviction Stats:
(global lru) capacity: 2500000000
(global lru) used: 26.8493%
(global lru) num objects: 105
(global lru) num evictions: 12447
(global lru) bytes evicted: 152514841048]
Ray killed 2 worker(s) based on the killing policy
Considered workers: [
Selected to kill: (Task: job ID=04000000, lease ID=5f09000004000000ffffffffffffffffffffffffffffffffffffffffffffffff, task name=JoinShuffleReduce(num_partitions=200)->MapBatches(apply_udf)->MapBatches(speed_filter)->MapBatches(to_output)->Write, required resources={memory: 1.16968e+07, CPU: 1}, pid=143976, actual memory used=0.10GB, worker ID=1ca7be2335cbf4d03e4abffe1255e33c17555e5826dbba62dedcbba1)
Selected to kill: (Task: job ID=04000000, lease ID=3d09000004000000ffffffffffffffffffffffffffffffffffffffffffffffff, task name=JoinShuffleReduce(num_partitions=200)->MapBatches(apply_udf)->MapBatches(speed_filter)->MapBatches(to_output)->Write, required resources={CPU: 1, memory: 2.61967e+09}, pid=143558, actual memory used=2.85GB, worker ID=9e0497e97a04a1defee3b08c164165f746a9ea7ddcb4a1be38416b2d)
(Task: job ID=04000000, lease ID=2f09000004000000ffffffffffffffffffffffffffffffffffffffffffffffff, task name=JoinShuffleReduce(num_partitions=200)->MapBatches(apply_udf)->MapBatches(speed_filter)->MapBatches(to_output)->Write, required resources={memory: 1.01665e+09, CPU: 1}, pid=143209, actual memory used=1.49GB, worker ID=d4225c62685ae477567edd67f8e64bb64257ca3ec44fe01d7ab04438)
(Task: job ID=04000000, lease ID=3709000004000000ffffffffffffffffffffffffffffffffffffffffffffffff, task name=JoinShuffleReduce(num_partitions=200)->MapBatches(apply_udf)->MapBatches(speed_filter)->MapBatches(to_output)->Write, required resources={CPU: 1, memory: 1.09924e+09}, pid=143921, actual memory used=1.86GB, worker ID=00295d87ca9fb005adfd5b9b250428d1dd65a19d7efe519790e5a140)
]
Total non-selected idle workers: 0
Total non-selected idle workers USS bytes: 0.00GB
To see more information about memory usage on this node, use `ray logs raylet.out -ip 172.21.0.3`
Top 10 memory users: PID	MEM(GB)	COMMAND
143558	2.85	ray::JoinShuffleReduce(num_partitions=200)->MapBatches(apply_udf)->MapBatches(speed_filter)->MapBatc...
143921	1.86	ray::JoinShuffleReduce(num_partitions=200)->MapBatches(apply_udf)->MapBatches(speed_filter)->MapBatc...
143209	1.49	ray::JoinShuffleReduce(num_partitions=200)->MapBatches(apply_udf)->MapBatches(speed_filter)->MapBatc...
48	0.23	/usr/local/lib/python3.13/site-packages/ray/core/src/ray/raylet/raylet --raylet_socket_name=/tmp/ray...
143976	0.10	ray::JoinShuffleReduce(num_partitions=200)->MapBatches(apply_udf)->MapBatches(speed_filter)->MapBatc...
91	0.02	ray::DashboardAgent
93	0.01	ray::RuntimeEnvAgent
24003	0.00	ray::IDLE_RestoreWorker
23681	0.00	ray::IDLE_RestoreWorker
24002	0.00	ray::IDLE_RestoreWorker
Refer to the documentation on how to address the out of memory issue: https://docs.ray.io/en/latest/ray-observability/user-guides/debug-apps/debug-memory.html. Consider provisioning more memory on this node or reducing task parallelism by requesting more CPUs per task. To adjust the kill threshold, set the environment variable `RAY_memory_usage_threshold` when starting Ray. To disable worker killing, set the environment variable `RAY_memory_monitor_refresh_ms` to zero. Since 2.56, Ray updated the oom killing policy to enabling killing multiple workers and selecting workers based on the time since the task start executing. To revert to the legacy policy of determining worker to oom kill based on owner group size or only selecting a single worker to kill at a time, set the environment variable `RAY_worker_killing_policy_by_group` to true before starting Ray. If the idle workers have a non-trivial memory footprint at the time of OOM (check OOM log for non-selected idle workers), consider setting the environment variable `RAY_idle_worker_killing_memory_threshold_bytes` to a lower value to consider idle workers with lower memory footprint for killing.
[33m(raylet)[0m Task _shuffle_reduce_task failed due to oom. There are infinite oom retries remaining, so the task will be retried. Error: 4 worker(s) were killed due to the node running low on memory. Memory on the node (IP: 172.21.0.3, ID: 9fe5c3a4104087b4491fcf7d901671225b07b6d313cd2c02470f960a) was 8.00GB / 8.00GB (0.999818)
OOM kill reason: Memory usage 8550559744B exceeded threshold of 8160437760B (95.0% of 8589934592B total)
Object store memory usage: [- objects spillable: 67
- bytes spillable: 358064683
- objects unsealed: 0
- bytes unsealed: 0
- objects in use: 67
- bytes in use: 358064683
- objects evictable: 128
- bytes evictable: 913494160

- objects created by worker: 70
- bytes created by worker: 361977792
- objects restored: 24
- bytes restored: 147761310
- objects received: 101
- bytes received: 761819741
- objects errored: 0
- bytes errored: 0

Eviction Stats:
(global lru) capacity: 2500000000
(global lru) used: 36.5398%
(global lru) num objects: 128
(global lru) num evictions: 12447
(global lru) bytes evicted: 152514841048]
Ray killed 4 worker(s) based on the killing policy
Considered workers: [
Selected to kill: (Worker with no lease granted: pid=144038, actual memory used=0.56GB, worker ID=b6c813b646369b64e629d2d039cf0aed2e23deb9d0755e0254a87ef1)
Selected to kill: (Worker with no lease granted: pid=144037, actual memory used=0.14GB, worker ID=39260a0e466bb050c7f2864fc74d3e3b2ef37da0c706792b36082b56)
Selected to kill: (Worker with no lease granted: pid=144042, actual memory used=0.09GB, worker ID=82b3a9e9d81b14f41c07a320727e5d2588073d72e0dd8b4f5b620dd4)
Selected to kill: (Task: job ID=04000000, lease ID=a709000004000000ffffffffffffffffffffffffffffffffffffffffffffffff, task name=JoinShuffleReduce(num_partitions=200)->MapBatches(apply_udf)->MapBatches(speed_filter)->MapBatches(to_output)->Write, required resources={CPU: 1, memory: 4.59105e+08}, pid=144041, actual memory used=0.65GB, worker ID=43a6c1dae5872b734916c38b3821f67f8427fd50a0a117b827219724)
(Task: job ID=04000000, lease ID=7f09000004000000ffffffffffffffffffffffffffffffffffffffffffffffff, task name=JoinShuffleReduce(num_partitions=200)->MapBatches(apply_udf)->MapBatches(speed_filter)->MapBatches(to_output)->Write, required resources={memory: 2.80042e+09, CPU: 1}, pid=143209, actual memory used=3.27GB, worker ID=d4225c62685ae477567edd67f8e64bb64257ca3ec44fe01d7ab04438)
(Task: job ID=04000000, lease ID=7d09000004000000ffffffffffffffffffffffffffffffffffffffffffffffff, task name=JoinShuffleReduce(num_partitions=200)->MapBatches(apply_udf)->MapBatches(speed_filter)->MapBatches(to_output)->Write, required resources={CPU: 1, memory: 1.48924e+09}, pid=143921, actual memory used=2.15GB, worker ID=00295d87ca9fb005adfd5b9b250428d1dd65a19d7efe519790e5a140)
]
Total non-selected idle workers: 0
Total non-selected idle workers USS bytes: 0.00GB
To see more information about memory usage on this node, use `ray logs raylet.out -ip 172.21.0.3`
Top 10 memory users: PID	MEM(GB)	COMMAND
143209	3.27	ray::JoinShuffleReduce(num_partitions=200)->MapBatches(apply_udf)->MapBatches(speed_filter)->MapBatc...
143921	2.15	ray::JoinShuffleReduce(num_partitions=200)->MapBatches(apply_udf)->MapBatches(speed_filter)->MapBatc...
144041	0.65	ray::JoinShuffleReduce(num_partitions=200)->MapBatches(apply_udf)->MapBatches(speed_filter)->MapBatc...
144038	0.56	ray::IDLE
48	0.32	/usr/local/lib/python3.13/site-packages/ray/core/src/ray/raylet/raylet --raylet_socket_name=/tmp/ray...
144037	0.14	ray::IDLE
144042	0.09	ray::IDLE
91	0.01	ray::DashboardAgent
93	0.00	ray::RuntimeEnvAgent
24002	0.00	ray::IDLE_RestoreWorker
Refer to the documentation on how to address the out of memory issue: https://docs.ray.io/en/latest/ray-observability/user-guides/debug-apps/debug-memory.html. Consider provisioning more memory on this node or reducing task parallelism by requesting more CPUs per task. To adjust the kill threshold, set the environment variable `RAY_memory_usage_threshold` when starting Ray. To disable worker killing, set the environment variable `RAY_memory_monitor_refresh_ms` to zero. Since 2.56, Ray updated the oom killing policy to enabling killing multiple workers and selecting workers based on the time since the task start executing. To revert to the legacy policy of determining worker to oom kill based on owner group size or only selecting a single worker to kill at a time, set the environment variable `RAY_worker_killing_policy_by_group` to true before starting Ray. If the idle workers have a non-trivial memory footprint at the time of OOM (check OOM log for non-selected idle workers), consider setting the environment variable `RAY_idle_worker_killing_memory_threshold_bytes` to a lower value to consider idle workers with lower memory footprint for killing.
[33m(raylet)[0m Task _shuffle_reduce_task failed due to oom. There are infinite oom retries remaining, so the task will be retried. Error: 3 worker(s) were killed due to the node running low on memory. Memory on the node (IP: 172.21.0.4, ID: 6d4f060467f644eee7a82eeab777caf931596072d32ddb2b54bd8963) was 7.98GB / 8.00GB (0.997278)
OOM kill reason: Memory usage 8495161344B exceeded threshold of 8160437760B (95.0% of 8589934592B total)
Object store memory usage: [- objects spillable: 44
- bytes spillable: 204451582
- objects unsealed: 0
- bytes unsealed: 0
- objects in use: 44
- bytes in use: 204451582
- objects evictable: 132
- bytes evictable: 1031634336

- objects created by worker: 47
- bytes created by worker: 215173766
- objects restored: 60
- bytes restored: 522567315
- objects received: 69
- bytes received: 498344837
- objects errored: 0
- bytes errored: 0

Eviction Stats:
(global lru) capacity: 2500000000
(global lru) used: 41.2654%
(global lru) num objects: 132
(global lru) num evictions: 12854
(global lru) bytes evicted: 166400573174]
Ray killed 3 worker(s) based on the killing policy
Considered workers: [
Selected to kill: (Worker with no lease granted: pid=148336, actual memory used=0.57GB, worker ID=66bcdd69f78ce489a0940344ef94881c44db5b738e8fdac8fc0b5a57)
Selected to kill: (Worker with no lease granted: pid=148361, actual memory used=0.17GB, worker ID=c25b14cd380b18a6596c67e016eb783e2c84b10f4c5926a1fcee55a6)
Selected to kill: (Task: job ID=04000000, lease ID=b509000004000000ffffffffffffffffffffffffffffffffffffffffffffffff, task name=JoinShuffleReduce(num_partitions=200)->MapBatches(apply_udf)->MapBatches(speed_filter)->MapBatches(to_output)->Write, required resources={CPU: 1, memory: 1.42252e+09}, pid=148221, actual memory used=1.66GB, worker ID=1f9058a869170c2c36b7d36a9a5002148d16dcf8bfd2f5b581d3e4d0)
(Task: job ID=04000000, lease ID=7109000004000000ffffffffffffffffffffffffffffffffffffffffffffffff, task name=JoinShuffleReduce(num_partitions=200)->MapBatches(apply_udf)->MapBatches(speed_filter)->MapBatches(to_output)->Write, required resources={memory: 2.96368e+09, CPU: 1}, pid=147920, actual memory used=3.78GB, worker ID=ae00627c5e1fc8bd38125140e28fd2247469b40d357a3c6492a3d449)
]
Total non-selected idle workers: 0
Total non-selected idle workers USS bytes: 0.00GB
To see more information about memory usage on this node, use `ray logs raylet.out -ip 172.21.0.4`
Top 10 memory users: PID	MEM(GB)	COMMAND
147920	3.78	ray::JoinShuffleReduce(num_partitions=200)->MapBatches(apply_udf)->MapBatches(speed_filter)->MapBatc...
148221	1.66	ray::JoinShuffleReduce(num_partitions=200)->MapBatches(apply_udf)->MapBatches(speed_filter)->MapBatc...
148336	0.57	ray::IDLE
48	0.31	/usr/local/lib/python3.13/site-packages/ray/core/src/ray/raylet/raylet --raylet_socket_name=/tmp/ray...
148361	0.17	ray::IDLE
91	0.02	ray::DashboardAgent
93	0.01	ray::RuntimeEnvAgent
23830	0.00	ray::IDLE_RestoreWorker
23235	0.00	ray::IDLE_RestoreWorker
23831	0.00	ray::IDLE_RestoreWorker
Refer to the documentation on how to address the out of memory issue: https://docs.ray.io/en/latest/ray-observability/user-guides/debug-apps/debug-memory.html. Consider provisioning more memory on this node or reducing task parallelism by requesting more CPUs per task. To adjust the kill threshold, set the environment variable `RAY_memory_usage_threshold` when starting Ray. To disable worker killing, set the environment variable `RAY_memory_monitor_refresh_ms` to zero. Since 2.56, Ray updated the oom killing policy to enabling killing multiple workers and selecting workers based on the time since the task start executing. To revert to the legacy policy of determining worker to oom kill based on owner group size or only selecting a single worker to kill at a time, set the environment variable `RAY_worker_killing_policy_by_group` to true before starting Ray. If the idle workers have a non-trivial memory footprint at the time of OOM (check OOM log for non-selected idle workers), consider setting the environment variable `RAY_idle_worker_killing_memory_threshold_bytes` to a lower value to consider idle workers with lower memory footprint for killing.
[33m(raylet)[0m Task _shuffle_reduce_task failed due to oom. There are infinite oom retries remaining, so the task will be retried. Error: 2 worker(s) were killed due to the node running low on memory. Memory on the node (IP: 172.21.0.4, ID: 6d4f060467f644eee7a82eeab777caf931596072d32ddb2b54bd8963) was 7.98GB / 8.00GB (0.997295)
OOM kill reason: Memory usage 8180944896B exceeded threshold of 8160437760B (95.0% of 8589934592B total)
Object store memory usage: [- objects spillable: 37
- bytes spillable: 171171678
- objects unsealed: 0
- bytes unsealed: 0
- objects in use: 43
- bytes in use: 241328226
- objects evictable: 105
- bytes evictable: 1168047131

- objects created by worker: 41
- bytes created by worker: 191090424
- objects restored: 36
- bytes restored: 462788920
- objects received: 71
- bytes received: 755496013
- objects errored: 0
- bytes errored: 0

Eviction Stats:
(global lru) capacity: 2500000000
(global lru) used: 46.7219%
(global lru) num objects: 105
(global lru) num evictions: 12854
(global lru) bytes evicted: 166400573174]
Ray killed 2 worker(s) based on the killing policy
Considered workers: [
Selected to kill: (Worker with no lease granted: pid=148506, actual memory used=0.10GB, worker ID=97eb92c775648257a271e92ef70c1a85cf0bed2fc41da8c32a0960c5)
Selected to kill: (Task: job ID=04000000, lease ID=b909000004000000ffffffffffffffffffffffffffffffffffffffffffffffff, task name=JoinShuffleReduce(num_partitions=200)->MapBatches(apply_udf)->MapBatches(speed_filter)->MapBatches(to_output)->Write, required resources={memory: 2.61967e+09, CPU: 1}, pid=148505, actual memory used=1.29GB, worker ID=494ce423cc9eb6c7af3d72bcd7bcb414c31482727f645ccd13b069a5)
(Task: job ID=04000000, lease ID=7109000004000000ffffffffffffffffffffffffffffffffffffffffffffffff, task name=JoinShuffleReduce(num_partitions=200)->MapBatches(apply_udf)->MapBatches(speed_filter)->MapBatches(to_output)->Write, required resources={memory: 2.96368e+09, CPU: 1}, pid=147920, actual memory used=4.48GB, worker ID=ae00627c5e1fc8bd38125140e28fd2247469b40d357a3c6492a3d449)
]
Total non-selected idle workers: 0
Total non-selected idle workers USS bytes: 0.00GB
To see more information about memory usage on this node, use `ray logs raylet.out -ip 172.21.0.4`
Top 10 memory users: PID	MEM(GB)	COMMAND
147920	4.48	ray::JoinShuffleReduce(num_partitions=200)->MapBatches(apply_udf)->MapBatches(speed_filter)->MapBatc...
148505	1.29	ray::JoinShuffleReduce(num_partitions=200)->MapBatches(apply_udf)->MapBatches(speed_filter)->MapBatc...
48	0.37	/usr/local/lib/python3.13/site-packages/ray/core/src/ray/raylet/raylet --raylet_socket_name=/tmp/ray...
148506	0.10	ray::IDLE
148601	0.04	ray::IDLE
91	0.02	ray::DashboardAgent
23831	0.02	ray::IDLE_RestoreWorker
23830	0.02	ray::IDLE_RestoreWorker
23235	0.02	ray::IDLE_RestoreWorker
23189	0.01	ray::IDLE_RestoreWorker
Refer to the documentation on how to address the out of memory issue: https://docs.ray.io/en/latest/ray-observability/user-guides/debug-apps/debug-memory.html. Consider provisioning more memory on this node or reducing task parallelism by requesting more CPUs per task. To adjust the kill threshold, set the environment variable `RAY_memory_usage_threshold` when starting Ray. To disable worker killing, set the environment variable `RAY_memory_monitor_refresh_ms` to zero. Since 2.56, Ray updated the oom killing policy to enabling killing multiple workers and selecting workers based on the time since the task start executing. To revert to the legacy policy of determining worker to oom kill based on owner group size or only selecting a single worker to kill at a time, set the environment variable `RAY_worker_killing_policy_by_group` to true before starting Ray. If the idle workers have a non-trivial memory footprint at the time of OOM (check OOM log for non-selected idle workers), consider setting the environment variable `RAY_idle_worker_killing_memory_threshold_bytes` to a lower value to consider idle workers with lower memory footprint for killing.
[33m(raylet)[0m Task _shuffle_reduce_task failed due to oom. There are infinite oom retries remaining, so the task will be retried. Error: 1 worker(s) were killed due to the node running low on memory. Memory on the node (IP: 172.21.0.3, ID: 9fe5c3a4104087b4491fcf7d901671225b07b6d313cd2c02470f960a) was 7.99GB / 8.00GB (0.998254)
OOM kill reason: Memory usage 8551555072B exceeded threshold of 8160437760B (95.0% of 8589934592B total)
Object store memory usage: [- objects spillable: 51
- bytes spillable: 314372334
- objects unsealed: 0
- bytes unsealed: 0
- objects in use: 51
- bytes in use: 314372334
- objects evictable: 117
- bytes evictable: 965021418

- objects created by worker: 51
- bytes created by worker: 314372334
- objects restored: 12
- bytes restored: 116696216
- objects received: 105
- bytes received: 848325202
- objects errored: 0
- bytes errored: 0

Eviction Stats:
(global lru) capacity: 2500000000
(global lru) used: 38.6009%
(global lru) num objects: 117
(global lru) num evictions: 12447
(global lru) bytes evicted: 152514841048]
Ray killed 1 worker(s) based on the killing policy
Considered workers: [
Selected to kill: (Task: job ID=04000000, lease ID=c309000004000000ffffffffffffffffffffffffffffffffffffffffffffffff, task name=JoinShuffleReduce(num_partitions=200)->MapBatches(apply_udf)->MapBatches(speed_filter)->MapBatches(to_output)->Write, required resources={CPU: 1, memory: 1.19718e+09}, pid=144248, actual memory used=1.05GB, worker ID=a4931d45eafc72e78e5ebe6bac4c8b599509eabdc3e66c815aaf954e)
(Task: job ID=04000000, lease ID=7f09000004000000ffffffffffffffffffffffffffffffffffffffffffffffff, task name=JoinShuffleReduce(num_partitions=200)->MapBatches(apply_udf)->MapBatches(speed_filter)->MapBatches(to_output)->Write, required resources={memory: 2.80042e+09, CPU: 1}, pid=143209, actual memory used=4.20GB, worker ID=d4225c62685ae477567edd67f8e64bb64257ca3ec44fe01d7ab04438)
(Task: job ID=04000000, lease ID=bf09000004000000ffffffffffffffffffffffffffffffffffffffffffffffff, task name=JoinShuffleReduce(num_partitions=200)->MapBatches(apply_udf)->MapBatches(speed_filter)->MapBatches(to_output)->Write, required resources={CPU: 1, memory: 1.42252e+09}, pid=143921, actual memory used=1.34GB, worker ID=00295d87ca9fb005adfd5b9b250428d1dd65a19d7efe519790e5a140)
]
Total non-selected idle workers: 0
Total non-selected idle workers USS bytes: 0.00GB
To see more information about memory usage on this node, use `ray logs raylet.out -ip 172.21.0.3`
Top 10 memory users: PID	MEM(GB)	COMMAND
143209	4.20	ray::JoinShuffleReduce(num_partitions=200)->MapBatches(apply_udf)->MapBatches(speed_filter)->MapBatc...
143921	1.34	ray::JoinShuffleReduce(num_partitions=200)->MapBatches(apply_udf)->MapBatches(speed_filter)->MapBatc...
144248	1.05	ray::JoinShuffleReduce(num_partitions=200)->MapBatches(apply_udf)->MapBatches(speed_filter)->MapBatc...
48	0.52	/usr/local/lib/python3.13/site-packages/ray/core/src/ray/raylet/raylet --raylet_socket_name=/tmp/ray...
91	0.02	ray::DashboardAgent
93	0.01	ray::RuntimeEnvAgent
24002	0.00	ray::IDLE_RestoreWorker
24003	0.00	ray::IDLE_RestoreWorker
23727	0.00	ray::IDLE_RestoreWorker
23681	0.00	ray::IDLE_RestoreWorker
Refer to the documentation on how to address the out of memory issue: https://docs.ray.io/en/latest/ray-observability/user-guides/debug-apps/debug-memory.html. Consider provisioning more memory on this node or reducing task parallelism by requesting more CPUs per task. To adjust the kill threshold, set the environment variable `RAY_memory_usage_threshold` when starting Ray. To disable worker killing, set the environment variable `RAY_memory_monitor_refresh_ms` to zero. Since 2.56, Ray updated the oom killing policy to enabling killing multiple workers and selecting workers based on the time since the task start executing. To revert to the legacy policy of determining worker to oom kill based on owner group size or only selecting a single worker to kill at a time, set the environment variable `RAY_worker_killing_policy_by_group` to true before starting Ray. If the idle workers have a non-trivial memory footprint at the time of OOM (check OOM log for non-selected idle workers), consider setting the environment variable `RAY_idle_worker_killing_memory_threshold_bytes` to a lower value to consider idle workers with lower memory footprint for killing.
[33m(raylet)[0m Task _shuffle_reduce_task failed due to oom. There are infinite oom retries remaining, so the task will be retried. Error: 1 worker(s) were killed due to the node running low on memory. Memory on the node (IP: 172.21.0.4, ID: 6d4f060467f644eee7a82eeab777caf931596072d32ddb2b54bd8963) was 7.97GB / 8.00GB (0.996762)
OOM kill reason: Memory usage 8358932480B exceeded threshold of 8160437760B (95.0% of 8589934592B total)
Object store memory usage: [- objects spillable: 34
- bytes spillable: 165227163
- objects unsealed: 0
- bytes unsealed: 0
- objects in use: 37
- bytes in use: 186817273
- objects evictable: 125
- bytes evictable: 1420067075

- objects created by worker: 39
- bytes created by worker: 186787351
- objects restored: 44
- bytes restored: 557819568
- objects received: 79
- bytes received: 862277429
- objects errored: 0
- bytes errored: 0

Eviction Stats:
(global lru) capacity: 2500000000
(global lru) used: 56.8027%
(global lru) num objects: 125
(global lru) num evictions: 12854
(global lru) bytes evicted: 166400573174]
Ray killed 1 worker(s) based on the killing policy
Considered workers: [
Selected to kill: (Task: job ID=04000000, lease ID=c509000004000000ffffffffffffffffffffffffffffffffffffffffffffffff, task name=JoinShuffleReduce(num_partitions=200)->MapBatches(apply_udf)->MapBatches(speed_filter)->MapBatches(to_output)->Write, required resources={memory: 2.26478e+09, CPU: 1}, pid=148601, actual memory used=0.89GB, worker ID=eab53af82f09c4bc36ced94838333b53d8fe4167326b378611f2e56c)
(Task: job ID=04000000, lease ID=7109000004000000ffffffffffffffffffffffffffffffffffffffffffffffff, task name=JoinShuffleReduce(num_partitions=200)->MapBatches(apply_udf)->MapBatches(speed_filter)->MapBatches(to_output)->Write, required resources={memory: 2.96368e+09, CPU: 1}, pid=147920, actual memory used=4.87GB, worker ID=ae00627c5e1fc8bd38125140e28fd2247469b40d357a3c6492a3d449)
]
Total non-selected idle workers: 1
Total non-selected idle workers USS bytes: 0.04GB
To see more information about memory usage on this node, use `ray logs raylet.out -ip 172.21.0.4`
Top 10 memory users: PID	MEM(GB)	COMMAND
147920	4.87	ray::JoinShuffleReduce(num_partitions=200)->MapBatches(apply_udf)->MapBatches(speed_filter)->MapBatc...
148601	0.89	ray::JoinShuffleReduce(num_partitions=200)->MapBatches(apply_udf)->MapBatches(speed_filter)->MapBatc...
48	0.56	/usr/local/lib/python3.13/site-packages/ray/core/src/ray/raylet/raylet --raylet_socket_name=/tmp/ray...
148647	0.04	ray::IDLE
91	0.02	ray::DashboardAgent
23830	0.01	ray::IDLE_RestoreWorker
93	0.01	ray::RuntimeEnvAgent
23189	0.00	ray::IDLE_RestoreWorker
23235	0.00	ray::IDLE_RestoreWorker
23831	0.00	ray::IDLE_RestoreWorker
Refer to the documentation on how to address the out of memory issue: https://docs.ray.io/en/latest/ray-observability/user-guides/debug-apps/debug-memory.html. Consider provisioning more memory on this node or reducing task parallelism by requesting more CPUs per task. To adjust the kill threshold, set the environment variable `RAY_memory_usage_threshold` when starting Ray. To disable worker killing, set the environment variable `RAY_memory_monitor_refresh_ms` to zero. Since 2.56, Ray updated the oom killing policy to enabling killing multiple workers and selecting workers based on the time since the task start executing. To revert to the legacy policy of determining worker to oom kill based on owner group size or only selecting a single worker to kill at a time, set the environment variable `RAY_worker_killing_policy_by_group` to true before starting Ray. If the idle workers have a non-trivial memory footprint at the time of OOM (check OOM log for non-selected idle workers), consider setting the environment variable `RAY_idle_worker_killing_memory_threshold_bytes` to a lower value to consider idle workers with lower memory footprint for killing.
[33m(raylet)[0m Task _shuffle_reduce_task failed due to oom. There are infinite oom retries remaining, so the task will be retried. Error: 1 worker(s) were killed due to the node running low on memory. Memory on the node (IP: 172.21.0.3, ID: 9fe5c3a4104087b4491fcf7d901671225b07b6d313cd2c02470f960a) was 7.77GB / 8.00GB (0.970751)
OOM kill reason: Memory usage 8214646784B exceeded threshold of 8160437760B (95.0% of 8589934592B total)
Object store memory usage: [- objects spillable: 51
- bytes spillable: 314372334
- objects unsealed: 0
- bytes unsealed: 0
- objects in use: 51
- bytes in use: 314372334
- objects evictable: 117
- bytes evictable: 965021418

- objects created by worker: 51
- bytes created by worker: 314372334
- objects restored: 12
- bytes restored: 116696216
- objects received: 105
- bytes received: 848325202
- objects errored: 0
- bytes errored: 0

Eviction Stats:
(global lru) capacity: 2500000000
(global lru) used: 38.6009%
(global lru) num objects: 117
(global lru) num evictions: 12447
(global lru) bytes evicted: 152514841048]
Ray killed 1 worker(s) based on the killing policy
Considered workers: [
Selected to kill: (Task: job ID=04000000, lease ID=bf09000004000000ffffffffffffffffffffffffffffffffffffffffffffffff, task name=JoinShuffleReduce(num_partitions=200)->MapBatches(apply_udf)->MapBatches(speed_filter)->MapBatches(to_output)->Write, required resources={CPU: 1, memory: 1.42252e+09}, pid=143921, actual memory used=1.89GB, worker ID=00295d87ca9fb005adfd5b9b250428d1dd65a19d7efe519790e5a140)
(Task: job ID=04000000, lease ID=7f09000004000000ffffffffffffffffffffffffffffffffffffffffffffffff, task name=JoinShuffleReduce(num_partitions=200)->MapBatches(apply_udf)->MapBatches(speed_filter)->MapBatches(to_output)->Write, required resources={memory: 2.80042e+09, CPU: 1}, pid=143209, actual memory used=4.37GB, worker ID=d4225c62685ae477567edd67f8e64bb64257ca3ec44fe01d7ab04438)
]
Total non-selected idle workers: 0
Total non-selected idle workers USS bytes: 0.00GB
To see more information about memory usage on this node, use `ray logs raylet.out -ip 172.21.0.3`
Top 10 memory users: PID	MEM(GB)	COMMAND
143209	4.37	ray::JoinShuffleReduce(num_partitions=200)->MapBatches(apply_udf)->MapBatches(speed_filter)->MapBatc...
143921	1.89	ray::JoinShuffleReduce(num_partitions=200)->MapBatches(apply_udf)->MapBatches(speed_filter)->MapBatc...
48	0.52	/usr/local/lib/python3.13/site-packages/ray/core/src/ray/raylet/raylet --raylet_socket_name=/tmp/ray...
91	0.02	ray::DashboardAgent
23727	0.01	ray::IDLE_RestoreWorker
93	0.01	ray::RuntimeEnvAgent
24003	0.00	ray::IDLE_RestoreWorker
24002	0.00	ray::IDLE_RestoreWorker
23681	0.00	ray::IDLE_RestoreWorker
47	0.00	/usr/local/bin/python3.13 -u /usr/local/lib/python3.13/site-packages/ray/_private/log_monitor.py --s...
Refer to the documentation on how to address the out of memory issue: https://docs.ray.io/en/latest/ray-observability/user-guides/debug-apps/debug-memory.html. Consider provisioning more memory on this node or reducing task parallelism by requesting more CPUs per task. To adjust the kill threshold, set the environment variable `RAY_memory_usage_threshold` when starting Ray. To disable worker killing, set the environment variable `RAY_memory_monitor_refresh_ms` to zero. Since 2.56, Ray updated the oom killing policy to enabling killing multiple workers and selecting workers based on the time since the task start executing. To revert to the legacy policy of determining worker to oom kill based on owner group size or only selecting a single worker to kill at a time, set the environment variable `RAY_worker_killing_policy_by_group` to true before starting Ray. If the idle workers have a non-trivial memory footprint at the time of OOM (check OOM log for non-selected idle workers), consider setting the environment variable `RAY_idle_worker_killing_memory_threshold_bytes` to a lower value to consider idle workers with lower memory footprint for killing.
[33m(raylet, ip=172.21.0.3)[0m [2026-10-04 23:43:33,887 E 48 48] (raylet) node_manager.cc:3496: 32 Workers (tasks / actors) killed due to memory pressure (OOM), 0 Workers crashed due to other reasons at node (ID: 9fe5c3a4104087b4491fcf7d901671225b07b6d313cd2c02470f960a, IP: 172.21.0.3) over the last time period. To see more information about the Workers killed on this node, use `ray logs raylet.out -ip 172.21.0.3`
[33m(raylet, ip=172.21.0.3)[0m 
[33m(raylet, ip=172.21.0.3)[0m Refer to the documentation on how to address the out of memory issue: https://docs.ray.io/en/latest/ray-observability/user-guides/debug-apps/debug-memory.html. Consider provisioning more memory on this node or reducing task parallelism by requesting more CPUs per task. To adjust the kill threshold, set the environment variable `RAY_memory_usage_threshold` when starting Ray. To disable worker killing, set the environment variable `RAY_memory_monitor_refresh_ms` to zero. Since 2.56, Ray updated the oom killing policy to enabling killing multiple workers and selecting workers based on the time since the task start executing. To revert to the legacy policy of determining worker to oom kill based on owner group size or only selecting a single worker to kill at a time, set the environment variable `RAY_worker_killing_policy_by_group` to true before starting Ray. If the idle workers have a non-trivial memory footprint at the time of OOM (check OOM log for non-selected idle workers), consider setting the environment variable `RAY_idle_worker_killing_memory_threshold_bytes` to a lower value to consider idle workers with lower memory footprint for killing.
[33m(raylet, ip=172.21.0.4)[0m 
[33m(raylet)[0m Task _shuffle_reduce_task failed due to oom. There are infinite oom retries remaining, so the task will be retried. Error: 2 worker(s) were killed due to the node running low on memory. Memory on the node (IP: 172.21.0.3, ID: 9fe5c3a4104087b4491fcf7d901671225b07b6d313cd2c02470f960a) was 7.97GB / 8.00GB (0.996328)
OOM kill reason: Memory usage 8483569664B exceeded threshold of 8160437760B (95.0% of 8589934592B total)
Object store memory usage: [- objects spillable: 37
- bytes spillable: 214939924
- objects unsealed: 0
- bytes unsealed: 0
- objects in use: 39
- bytes in use: 231014960
- objects evictable: 166
- bytes evictable: 1127568775

- objects created by worker: 42
- bytes created by worker: 232722517
- objects restored: 30
- bytes restored: 225359336
- objects received: 133
- bytes received: 900501882
- objects errored: 0
- bytes errored: 0

Eviction Stats:
(global lru) capacity: 2500000000
(global lru) used: 45.1028%
(global lru) num objects: 166
(global lru) num evictions: 12447
(global lru) bytes evicted: 152514841048]
Ray killed 2 worker(s) based on the killing policy
Considered workers: [
Selected to kill: (Task: job ID=04000000, lease ID=ed09000004000000ffffffffffffffffffffffffffffffffffffffffffffffff, task name=JoinShuffleReduce(num_partitions=200)->MapBatches(apply_udf)->MapBatches(speed_filter)->MapBatches(to_output)->Write, required resources={memory: 1.27293e+09, CPU: 1}, pid=144560, actual memory used=0.58GB, worker ID=8995c9b62498a86230b26032d9611cdbdc5b215bbbdd99834d106da6)
Selected to kill: (Task: job ID=04000000, lease ID=e309000004000000ffffffffffffffffffffffffffffffffffffffffffffffff, task name=JoinShuffleReduce(num_partitions=200)->MapBatches(apply_udf)->MapBatches(speed_filter)->MapBatches(to_output)->Write, required resources={CPU: 1, memory: 1.46251e+09}, pid=144559, actual memory used=0.98GB, worker ID=5bf75125ccbe03acfe8df26efdea83f828d78f5d01a7c968c7345a6c)
(Task: job ID=04000000, lease ID=cf09000004000000ffffffffffffffffffffffffffffffffffffffffffffffff, task name=JoinShuffleReduce(num_partitions=200)->MapBatches(apply_udf)->MapBatches(speed_filter)->MapBatches(to_output)->Write, required resources={memory: 3.73564e+08, CPU: 1}, pid=144558, actual memory used=0.75GB, worker ID=de25cc636c8cecbdc46747b2813285c66ee2d54193a10d5843769067)
(Task: job ID=04000000, lease ID=c709000004000000ffffffffffffffffffffffffffffffffffffffffffffffff, task name=JoinShuffleReduce(num_partitions=200)->MapBatches(apply_udf)->MapBatches(speed_filter)->MapBatches(to_output)->Write, required resources={CPU: 1, memory: 1.19718e+09}, pid=144457, actual memory used=2.08GB, worker ID=e03751e2f0c261b1359626714de341d6621cea2aec7fc4d99b448f33)
(Task: job ID=04000000, lease ID=cb09000004000000ffffffffffffffffffffffffffffffffffffffffffffffff, task name=JoinShuffleReduce(num_partitions=200)->MapBatches(apply_udf)->MapBatches(speed_filter)->MapBatches(to_output)->Write, required resources={memory: 1.42252e+09, CPU: 1}, pid=144458, actual memory used=2.15GB, worker ID=b5b29f7967791b16b667d42252c7df1e82c398760671156432727017)
]
Total non-selected idle workers: 1
Total non-selected idle workers USS bytes: 0.04GB
To see more information about memory usage on this node, use `ray logs raylet.out -ip 172.21.0.3`
Top 10 memory users: PID	MEM(GB)	COMMAND
144458	2.15	ray::JoinShuffleReduce(num_partitions=200)->MapBatches(apply_udf)->MapBatches(speed_filter)->MapBatc...
144457	2.08	ray::JoinShuffleReduce(num_partitions=200)->MapBatches(apply_udf)->MapBatches(speed_filter)->MapBatc...
144559	0.98	ray::JoinShuffleReduce(num_partitions=200)->MapBatches(apply_udf)->MapBatches(speed_filter)->MapBatc...
144558	0.75	ray::JoinShuffleReduce(num_partitions=200)->MapBatches(apply_udf)->MapBatches(speed_filter)->MapBatc...
48	0.62	/usr/local/lib/python3.13/site-packages/ray/core/src/ray/raylet/raylet --raylet_socket_name=/tmp/ray...
144560	0.58	ray::JoinShuffleReduce(num_partitions=200)->MapBatches(apply_udf)->MapBatches(speed_filter)->MapBatc...
144761	0.04	ray::IDLE
144762	0.04	ray::IDLE
91	0.02	ray::DashboardAgent
93	0.01	ray::RuntimeEnvAgent
Refer to the documentation on how to address the out of memory issue: https://docs.ray.io/en/latest/ray-observability/user-guides/debug-apps/debug-memory.html. Consider provisioning more memory on this node or reducing task parallelism by requesting more CPUs per task. To adjust the kill threshold, set the environment variable `RAY_memory_usage_threshold` when starting Ray. To disable worker killing, set the environment variable `RAY_memory_monitor_refresh_ms` to zero. Since 2.56, Ray updated the oom killing policy to enabling killing multiple workers and selecting workers based on the time since the task start executing. To revert to the legacy policy of determining worker to oom kill based on owner group size or only selecting a single worker to kill at a time, set the environment variable `RAY_worker_killing_policy_by_group` to true before starting Ray. If the idle workers have a non-trivial memory footprint at the time of OOM (check OOM log for non-selected idle workers), consider setting the environment variable `RAY_idle_worker_killing_memory_threshold_bytes` to a lower value to consider idle workers with lower memory footprint for killing.
[33m(raylet)[0m Task _shuffle_reduce_task failed due to oom. There are infinite oom retries remaining, so the task will be retried. Error: 4 worker(s) were killed due to the node running low on memory. Memory on the node (IP: 172.21.0.4, ID: 6d4f060467f644eee7a82eeab777caf931596072d32ddb2b54bd8963) was 7.98GB / 8.00GB (0.997427)
OOM kill reason: Memory usage 8421675008B exceeded threshold of 8160437760B (95.0% of 8589934592B total)
Object store memory usage: [- objects spillable: 28
- bytes spillable: 124482363
- objects unsealed: 0
- bytes unsealed: 0
- objects in use: 28
- bytes in use: 124482363
- objects evictable: 153
- bytes evictable: 1080039482

- objects created by worker: 33
- bytes created by worker: 136358225
- objects restored: 59
- bytes restored: 364027130
- objects received: 89
- bytes received: 704136490
- objects errored: 0
- bytes errored: 0

Eviction Stats:
(global lru) capacity: 2500000000
(global lru) used: 43.2016%
(global lru) num objects: 153
(global lru) num evictions: 12854
(global lru) bytes evicted: 166400573174]
Ray killed 4 worker(s) based on the killing policy
Considered workers: [
Selected to kill: (Worker with no lease granted: pid=148713, actual memory used=0.35GB, worker ID=1be02bb1b7ce37d5eb730603717cd8f927fc2aeb169c423d03d11352)
Selected to kill: (Worker with no lease granted: pid=148714, actual memory used=0.16GB, worker ID=3924855b05fd557197a75a34fb9399d7bc152337799e0dfeb55ed4de)
Selected to kill: (Worker with no lease granted: pid=148712, actual memory used=0.10GB, worker ID=c7a7f5cb5dfd68b28e7714f84d9c221c915d797d30f2d0886404e3d8)
Selected to kill: (Task: job ID=04000000, lease ID=e709000004000000ffffffffffffffffffffffffffffffffffffffffffffffff, task name=JoinShuffleReduce(num_partitions=200)->MapBatches(apply_udf)->MapBatches(speed_filter)->MapBatches(to_output)->Write, required resources={CPU: 1, memory: 1.48918e+09}, pid=148710, actual memory used=1.30GB, worker ID=dbfd92dfb81a66ad8800df4b673a61cb662c28ebfa44c3c8abe72998)
(Task: job ID=04000000, lease ID=d309000004000000ffffffffffffffffffffffffffffffffffffffffffffffff, task name=JoinShuffleReduce(num_partitions=200)->MapBatches(apply_udf)->MapBatches(speed_filter)->MapBatches(to_output)->Write, required resources={memory: 5.45984e+08, CPU: 1}, pid=148709, actual memory used=0.88GB, worker ID=86cd719e679f2468f3dac72a62ed5731c5f3bece9c2d3fb4a5d2dbce)
(Task: job ID=04000000, lease ID=c909000004000000ffffffffffffffffffffffffffffffffffffffffffffffff, task name=JoinShuffleReduce(num_partitions=200)->MapBatches(apply_udf)->MapBatches(speed_filter)->MapBatches(to_output)->Write, required resources={memory: 2.26478e+09, CPU: 1}, pid=148647, actual memory used=3.05GB, worker ID=3493c5fa3ba2509263bfbe6e46cb853f27450907c0423b22ee83b1cc)
]
Total non-selected idle workers: 1
Total non-selected idle workers USS bytes: 0.04GB
To see more information about memory usage on this node, use `ray logs raylet.out -ip 172.21.0.4`
Top 10 memory users: PID	MEM(GB)	COMMAND
148647	3.05	ray::JoinShuffleReduce(num_partitions=200)->MapBatches(apply_udf)->MapBatches(speed_filter)->MapBatc...
148710	1.30	ray::JoinShuffleReduce(num_partitions=200)->MapBatches(apply_udf)->MapBatches(speed_filter)->MapBatc...
148709	0.88	ray::JoinShuffleReduce(num_partitions=200)->MapBatches(apply_udf)->MapBatches(speed_filter)->MapBatc...
48	0.57	/usr/local/lib/python3.13/site-packages/ray/core/src/ray/raylet/raylet --raylet_socket_name=/tmp/ray...
148713	0.35	ray::IDLE
148714	0.16	ray::IDLE
148712	0.10	ray::IDLE
148873	0.04	ray::IDLE
23189	0.02	ray::IDLE_RestoreWorker
91	0.02	ray::DashboardAgent
Refer to the documentation on how to address the out of memory issue: https://docs.ray.io/en/latest/ray-observability/user-guides/debug-apps/debug-memory.html. Consider provisioning more memory on this node or reducing task parallelism by requesting more CPUs per task. To adjust the kill threshold, set the environment variable `RAY_memory_usage_threshold` when starting Ray. To disable worker killing, set the environment variable `RAY_memory_monitor_refresh_ms` to zero. Since 2.56, Ray updated the oom killing policy to enabling killing multiple workers and selecting workers based on the time since the task start executing. To revert to the legacy policy of determining worker to oom kill based on owner group size or only selecting a single worker to kill at a time, set the environment variable `RAY_worker_killing_policy_by_group` to true before starting Ray. If the idle workers have a non-trivial memory footprint at the time of OOM (check OOM log for non-selected idle workers), consider setting the environment variable `RAY_idle_worker_killing_memory_threshold_bytes` to a lower value to consider idle workers with lower memory footprint for killing.
[33m(raylet)[0m Task _shuffle_reduce_task failed due to oom. There are infinite oom retries remaining, so the task will be retried. Error: 3 worker(s) were killed due to the node running low on memory. Memory on the node (IP: 172.21.0.4, ID: 6d4f060467f644eee7a82eeab777caf931596072d32ddb2b54bd8963) was 7.97GB / 8.00GB (0.996301)
OOM kill reason: Memory usage 8236761088B exceeded threshold of 8160437760B (95.0% of 8589934592B total)
Object store memory usage: [- objects spillable: 21
- bytes spillable: 100499747
- objects unsealed: 0
- bytes unsealed: 0
- objects in use: 22
- bytes in use: 100816499
- objects evictable: 128
- bytes evictable: 1014722827

- objects created by worker: 22
- bytes created by worker: 108564749
- objects restored: 47
- bytes restored: 323084989
- objects received: 81
- bytes received: 683889588
- objects errored: 0
- bytes errored: 0

Eviction Stats:
(global lru) capacity: 2500000000
(global lru) used: 40.5889%
(global lru) num objects: 128
(global lru) num evictions: 12854
(global lru) bytes evicted: 166400573174]
Ray killed 3 worker(s) based on the killing policy
Considered workers: [
Selected to kill: (Task: job ID=04000000, lease ID=030a000004000000ffffffffffffffffffffffffffffffffffffffffffffffff, task name=JoinShuffleReduce(num_partitions=200)->MapBatches(apply_udf)->MapBatches(speed_filter)->MapBatches(to_output)->Write, required resources={memory: 1.3593e+08, CPU: 1}, pid=149159, actual memory used=0.10GB, worker ID=1fd698e989b891ddd0502731c3eef6c55f22114e77080483422971cf)
Selected to kill: (Task: job ID=04000000, lease ID=ff09000004000000ffffffffffffffffffffffffffffffffffffffffffffffff, task name=JoinShuffleReduce(num_partitions=200)->MapBatches(apply_udf)->MapBatches(speed_filter)->MapBatches(to_output)->Write, required resources={CPU: 1, memory: 9.38461e+06}, pid=149158, actual memory used=0.10GB, worker ID=d798e440d92aadd61e7ff499f4c1e06b0582aea4fe16136274ca437b)
Selected to kill: (Task: job ID=04000000, lease ID=fb09000004000000ffffffffffffffffffffffffffffffffffffffffffffffff, task name=JoinShuffleReduce(num_partitions=200)->MapBatches(apply_udf)->MapBatches(speed_filter)->MapBatches(to_output)->Write, required resources={CPU: 1, memory: 1.00847e+08}, pid=148709, actual memory used=0.64GB, worker ID=86cd719e679f2468f3dac72a62ed5731c5f3bece9c2d3fb4a5d2dbce)
(Task: job ID=04000000, lease ID=c909000004000000ffffffffffffffffffffffffffffffffffffffffffffffff, task name=JoinShuffleReduce(num_partitions=200)->MapBatches(apply_udf)->MapBatches(speed_filter)->MapBatches(to_output)->Write, required resources={memory: 2.26478e+09, CPU: 1}, pid=148647, actual memory used=3.51GB, worker ID=3493c5fa3ba2509263bfbe6e46cb853f27450907c0423b22ee83b1cc)
(Task: job ID=04000000, lease ID=eb09000004000000ffffffffffffffffffffffffffffffffffffffffffffffff, task name=JoinShuffleReduce(num_partitions=200)->MapBatches(apply_udf)->MapBatches(speed_filter)->MapBatches(to_output)->Write, required resources={CPU: 1, memory: 2.61967e+09}, pid=148873, actual memory used=1.54GB, worker ID=82e24e867bd8b1df52be03b3a4afb4d92f95f7a93c39928cf21f2356)
]
Total non-selected idle workers: 1
Total non-selected idle workers USS bytes: 0.04GB
To see more information about memory usage on this node, use `ray logs raylet.out -ip 172.21.0.4`
Top 10 memory users: PID	MEM(GB)	COMMAND
148647	3.51	ray::JoinShuffleReduce(num_partitions=200)->MapBatches(apply_udf)->MapBatches(speed_filter)->MapBatc...
148873	1.54	ray::JoinShuffleReduce(num_partitions=200)->MapBatches(apply_udf)->MapBatches(speed_filter)->MapBatc...
148709	0.64	ray::IDLE
48	0.37	/usr/local/lib/python3.13/site-packages/ray/core/src/ray/raylet/raylet --raylet_socket_name=/tmp/ray...
149158	0.10	ray::JoinShuffleReduce(num_partitions=200)->MapBatches(apply_udf)->MapBatches(speed_filter)->MapBatc...
149159	0.10	ray::JoinShuffleReduce(num_partitions=200)->MapBatches(apply_udf)->MapBatches(speed_filter)->MapBatc...
149160	0.04	ray::IDLE
23189	0.03	ray::IDLE_RestoreWorker
23830	0.02	ray::IDLE_RestoreWorker
91	0.02	ray::DashboardAgent
Refer to the documentation on how to address the out of memory issue: https://docs.ray.io/en/latest/ray-observability/user-guides/debug-apps/debug-memory.html. Consider provisioning more memory on this node or reducing task parallelism by requesting more CPUs per task. To adjust the kill threshold, set the environment variable `RAY_memory_usage_threshold` when starting Ray. To disable worker killing, set the environment variable `RAY_memory_monitor_refresh_ms` to zero. Since 2.56, Ray updated the oom killing policy to enabling killing multiple workers and selecting workers based on the time since the task start executing. To revert to the legacy policy of determining worker to oom kill based on owner group size or only selecting a single worker to kill at a time, set the environment variable `RAY_worker_killing_policy_by_group` to true before starting Ray. If the idle workers have a non-trivial memory footprint at the time of OOM (check OOM log for non-selected idle workers), consider setting the environment variable `RAY_idle_worker_killing_memory_threshold_bytes` to a lower value to consider idle workers with lower memory footprint for killing.
[33m(raylet)[0m Task _shuffle_reduce_task failed due to oom. There are infinite oom retries remaining, so the task will be retried. Error: 2 worker(s) were killed due to the node running low on memory. Memory on the node (IP: 172.21.0.3, ID: 9fe5c3a4104087b4491fcf7d901671225b07b6d313cd2c02470f960a) was 7.99GB / 8.00GB (0.999093)
OOM kill reason: Memory usage 8338141184B exceeded threshold of 8160437760B (95.0% of 8589934592B total)
Object store memory usage: [- objects spillable: 27
- bytes spillable: 202976493
- objects unsealed: 0
- bytes unsealed: 0
- objects in use: 27
- bytes in use: 202976493
- objects evictable: 152
- bytes evictable: 1078277812

- objects created by worker: 30
- bytes created by worker: 204230250
- objects restored: 24
- bytes restored: 192646568
- objects received: 125
- bytes received: 884377487
- objects errored: 0
- bytes errored: 0

Eviction Stats:
(global lru) capacity: 2500000000
(global lru) used: 43.1311%
(global lru) num objects: 152
(global lru) num evictions: 12447
(global lru) bytes evicted: 152514841048]
Ray killed 2 worker(s) based on the killing policy
Considered workers: [
Selected to kill: (Worker with no lease granted: pid=144762, actual memory used=0.10GB, worker ID=02023679df73c3615750c8f4a143d850f9928def744c2e14e92140dd)
Selected to kill: (Task: job ID=04000000, lease ID=f909000004000000ffffffffffffffffffffffffffffffffffffffffffffffff, task name=JoinShuffleReduce(num_partitions=200)->MapBatches(apply_udf)->MapBatches(speed_filter)->MapBatches(to_output)->Write, required resources={CPU: 1, memory: 1.46251e+09}, pid=144761, actual memory used=1.09GB, worker ID=cfa837f0a60688ece08963a2469a06f10bd117f6f2e19b35dabcd6fc)
(Task: job ID=04000000, lease ID=f509000004000000ffffffffffffffffffffffffffffffffffffffffffffffff, task name=JoinShuffleReduce(num_partitions=200)->MapBatches(apply_udf)->MapBatches(speed_filter)->MapBatches(to_output)->Write, required resources={CPU: 1, memory: 7.17933e+08}, pid=144558, actual memory used=1.27GB, worker ID=de25cc636c8cecbdc46747b2813285c66ee2d54193a10d5843769067)
(Task: job ID=04000000, lease ID=f809000004000000ffffffffffffffffffffffffffffffffffffffffffffffff, task name=JoinShuffleReduce(num_partitions=200)->MapBatches(apply_udf)->MapBatches(speed_filter)->MapBatches(to_output)->Write, required resources={CPU: 1, memory: 1.27293e+09}, pid=144457, actual memory used=1.60GB, worker ID=e03751e2f0c261b1359626714de341d6621cea2aec7fc4d99b448f33)
(Task: job ID=04000000, lease ID=cb09000004000000ffffffffffffffffffffffffffffffffffffffffffffffff, task name=JoinShuffleReduce(num_partitions=200)->MapBatches(apply_udf)->MapBatches(speed_filter)->MapBatches(to_output)->Write, required resources={memory: 1.42252e+09, CPU: 1}, pid=144458, actual memory used=2.52GB, worker ID=b5b29f7967791b16b667d42252c7df1e82c398760671156432727017)
]
Total non-selected idle workers: 2
Total non-selected idle workers USS bytes: 0.08GB
To see more information about memory usage on this node, use `ray logs raylet.out -ip 172.21.0.3`
Top 10 memory users: PID	MEM(GB)	COMMAND
144458	2.52	ray::JoinShuffleReduce(num_partitions=200)->MapBatches(apply_udf)->MapBatches(speed_filter)->MapBatc...
144457	1.60	ray::JoinShuffleReduce(num_partitions=200)->MapBatches(apply_udf)->MapBatches(speed_filter)->MapBatc...
144558	1.27	ray::JoinShuffleReduce(num_partitions=200)->MapBatches(apply_udf)->MapBatches(speed_filter)->MapBatc...
144761	1.09	ray::JoinShuffleReduce(num_partitions=200)->MapBatches(apply_udf)->MapBatches(speed_filter)->MapBatc...
48	0.51	/usr/local/lib/python3.13/site-packages/ray/core/src/ray/raylet/raylet --raylet_socket_name=/tmp/ray...
144762	0.10	ray::IDLE
91	0.06	ray::DashboardAgent
144866	0.04	ray::IDLE
144867	0.04	ray::IDLE
93	0.01	ray::RuntimeEnvAgent
Refer to the documentation on how to address the out of memory issue: https://docs.ray.io/en/latest/ray-observability/user-guides/debug-apps/debug-memory.html. Consider provisioning more memory on this node or reducing task parallelism by requesting more CPUs per task. To adjust the kill threshold, set the environment variable `RAY_memory_usage_threshold` when starting Ray. To disable worker killing, set the environment variable `RAY_memory_monitor_refresh_ms` to zero. Since 2.56, Ray updated the oom killing policy to enabling killing multiple workers and selecting workers based on the time since the task start executing. To revert to the legacy policy of determining worker to oom kill based on owner group size or only selecting a single worker to kill at a time, set the environment variable `RAY_worker_killing_policy_by_group` to true before starting Ray. If the idle workers have a non-trivial memory footprint at the time of OOM (check OOM log for non-selected idle workers), consider setting the environment variable `RAY_idle_worker_killing_memory_threshold_bytes` to a lower value to consider idle workers with lower memory footprint for killing.
[33m(raylet)[0m Task _shuffle_reduce_task failed due to oom. There are infinite oom retries remaining, so the task will be retried. Error: 2 worker(s) were killed due to the node running low on memory. Memory on the node (IP: 172.21.0.4, ID: 6d4f060467f644eee7a82eeab777caf931596072d32ddb2b54bd8963) was 7.97GB / 8.00GB (0.996517)
OOM kill reason: Memory usage 8334422016B exceeded threshold of 8160437760B (95.0% of 8589934592B total)
Object store memory usage: [- objects spillable: 19
- bytes spillable: 99513637
- objects unsealed: 0
- bytes unsealed: 0
- objects in use: 19
- bytes in use: 99513637
- objects evictable: 109
- bytes evictable: 1002970839

- objects created by worker: 20
- bytes created by worker: 107578639
- objects restored: 36
- bytes restored: 314670536
- objects received: 72
- bytes received: 680235301
- objects errored: 0
- bytes errored: 0

Eviction Stats:
(global lru) capacity: 2500000000
(global lru) used: 40.1188%
(global lru) num objects: 109
(global lru) num evictions: 12854
(global lru) bytes evicted: 166400573174]
Ray killed 2 worker(s) based on the killing policy
Considered workers: [
Selected to kill: (Task: job ID=04000000, lease ID=070a000004000000ffffffffffffffffffffffffffffffffffffffffffffffff, task name=JoinShuffleReduce(num_partitions=200)->MapBatches(apply_udf)->MapBatches(speed_filter)->MapBatches(to_output)->Write, required resources={CPU: 1, memory: 7.45253e+08}, pid=149160, actual memory used=0.10GB, worker ID=d7d2fa44e1c0861192f02f14e9067c9e1cb9b5d5598fad8c78de1cbb)
Selected to kill: (Task: job ID=04000000, lease ID=eb09000004000000ffffffffffffffffffffffffffffffffffffffffffffffff, task name=JoinShuffleReduce(num_partitions=200)->MapBatches(apply_udf)->MapBatches(speed_filter)->MapBatches(to_output)->Write, required resources={CPU: 1, memory: 2.61967e+09}, pid=148873, actual memory used=2.29GB, worker ID=82e24e867bd8b1df52be03b3a4afb4d92f95f7a93c39928cf21f2356)
(Task: job ID=04000000, lease ID=c909000004000000ffffffffffffffffffffffffffffffffffffffffffffffff, task name=JoinShuffleReduce(num_partitions=200)->MapBatches(apply_udf)->MapBatches(speed_filter)->MapBatches(to_output)->Write, required resources={memory: 2.26478e+09, CPU: 1}, pid=148647, actual memory used=3.65GB, worker ID=3493c5fa3ba2509263bfbe6e46cb853f27450907c0423b22ee83b1cc)
]
Total non-selected idle workers: 0
Total non-selected idle workers USS bytes: 0.00GB
To see more information about memory usage on this node, use `ray logs raylet.out -ip 172.21.0.4`
Top 10 memory users: PID	MEM(GB)	COMMAND
148647	3.65	ray::JoinShuffleReduce(num_partitions=200)->MapBatches(apply_udf)->MapBatches(speed_filter)->MapBatc...
148873	2.29	ray::JoinShuffleReduce(num_partitions=200)->MapBatches(apply_udf)->MapBatches(speed_filter)->MapBatc...
48	0.37	/usr/local/lib/python3.13/site-packages/ray/core/src/ray/raylet/raylet --raylet_socket_name=/tmp/ray...
149160	0.10	ray::JoinShuffleReduce(num_partitions=200)->MapBatches(apply_udf)->MapBatches(speed_filter)->MapBatc...
23189	0.03	ray::IDLE_RestoreWorker
23830	0.02	ray::IDLE_RestoreWorker
91	0.02	ray::DashboardAgent
23235	0.01	ray::IDLE_RestoreWorker
93	0.01	ray::RuntimeEnvAgent
23831	0.00	ray::IDLE_RestoreWorker
Refer to the documentation on how to address the out of memory issue: https://docs.ray.io/en/latest/ray-observability/user-guides/debug-apps/debug-memory.html. Consider provisioning more memory on this node or reducing task parallelism by requesting more CPUs per task. To adjust the kill threshold, set the environment variable `RAY_memory_usage_threshold` when starting Ray. To disable worker killing, set the environment variable `RAY_memory_monitor_refresh_ms` to zero. Since 2.56, Ray updated the oom killing policy to enabling killing multiple workers and selecting workers based on the time since the task start executing. To revert to the legacy policy of determining worker to oom kill based on owner group size or only selecting a single worker to kill at a time, set the environment variable `RAY_worker_killing_policy_by_group` to true before starting Ray. If the idle workers have a non-trivial memory footprint at the time of OOM (check OOM log for non-selected idle workers), consider setting the environment variable `RAY_idle_worker_killing_memory_threshold_bytes` to a lower value to consider idle workers with lower memory footprint for killing.
2026-10-04 23:44:10,803	INFO streaming_executor.py:365 -- ✔️  Dataset dataset_034aKz2IiFPJMneGrBce94_0 execution finished in 346.36 seconds
2026-10-04 23:44:10,866	INFO dataset.py:6254 -- Data sink Parquet finished. 111016594 rows and 27.1GiB data written.
2026-10-04 23:44:10,885	INFO streaming_executor.py:214 -- Starting execution of Dataset dataset_034aL7p6mJdm9ew0QqEXh0_0. Full logs are in /tmp/ray/session_2026-10-04_23-30-31_125775_1/logs/ray-data
2026-10-04 23:44:10,885	INFO streaming_executor.py:215 -- Execution plan of Dataset dataset_034aL7p6mJdm9ew0QqEXh0_0: InputDataBuffer[Input] -> TaskPoolMapOperator[ListFiles] -> TaskPoolMapOperator[MapBatches(count_rows)]
2026-10-04 23:44:12,454	INFO streaming_executor.py:365 -- ✔️  Dataset dataset_034aL7p6mJdm9ew0QqEXh0_0 execution finished in 1.57 seconds
2026-10-04 23:44:12,460 INFO ray_clean: wrote 111,016,594 rows to /app/data/output/ray in 347.14s
[33m(raylet)[0m Task _shuffle_reduce_task failed due to oom. There are infinite oom retries remaining, so the task will be retried. Error: 2 worker(s) were killed due to the node running low on memory. Memory on the node (IP: 172.21.0.3, ID: 9fe5c3a4104087b4491fcf7d901671225b07b6d313cd2c02470f960a) was 7.97GB / 8.00GB (0.996328)
OOM kill reason: Memory usage 8483569664B exceeded threshold of 8160437760B (95.0% of 8589934592B total)
Object store memory usage: [- objects spillable: 37
- bytes spillable: 214939924
- objects unsealed: 0
- bytes unsealed: 0
- objects in use: 39
- bytes in use: 231014960
- objects evictable: 166
- bytes evictable: 1127568775

- objects created by worker: 42
- bytes created by worker: 232722517
- objects restored: 30
- bytes restored: 225359336
- objects received: 133
- bytes received: 900501882
- objects errored: 0
- bytes errored: 0

Eviction Stats:
(global lru) capacity: 2500000000
(global lru) used: 45.1028%
(global lru) num objects: 166
(global lru) num evictions: 12447
(global lru) bytes evicted: 152514841048]
Ray killed 2 worker(s) based on the killing policy
Considered workers: [
Selected to kill: (Task: job ID=04000000, lease ID=ed09000004000000ffffffffffffffffffffffffffffffffffffffffffffffff, task name=JoinShuffleReduce(num_partitions=200)->MapBatches(apply_udf)->MapBatches(speed_filter)->MapBatches(to_output)->Write, required resources={memory: 1.27293e+09, CPU: 1}, pid=144560, actual memory used=0.58GB, worker ID=8995c9b62498a86230b26032d9611cdbdc5b215bbbdd99834d106da6)
Selected to kill: (Task: job ID=04000000, lease ID=e309000004000000ffffffffffffffffffffffffffffffffffffffffffffffff, task name=JoinShuffleReduce(num_partitions=200)->MapBatches(apply_udf)->MapBatches(speed_filter)->MapBatches(to_output)->Write, required resources={CPU: 1, memory: 1.46251e+09}, pid=144559, actual memory used=0.98GB, worker ID=5bf75125ccbe03acfe8df26efdea83f828d78f5d01a7c968c7345a6c)
(Task: job ID=04000000, lease ID=cf09000004000000ffffffffffffffffffffffffffffffffffffffffffffffff, task name=JoinShuffleReduce(num_partitions=200)->MapBatches(apply_udf)->MapBatches(speed_filter)->MapBatches(to_output)->Write, required resources={memory: 3.73564e+08, CPU: 1}, pid=144558, actual memory used=0.75GB, worker ID=de25cc636c8cecbdc46747b2813285c66ee2d54193a10d5843769067)
(Task: job ID=04000000, lease ID=c709000004000000ffffffffffffffffffffffffffffffffffffffffffffffff, task name=JoinShuffleReduce(num_partitions=200)->MapBatches(apply_udf)->MapBatches(speed_filter)->MapBatches(to_output)->Write, required resources={CPU: 1, memory: 1.19718e+09}, pid=144457, actual memory used=2.08GB, worker ID=e03751e2f0c261b1359626714de341d6621cea2aec7fc4d99b448f33)
(Task: job ID=04000000, lease ID=cb09000004000000ffffffffffffffffffffffffffffffffffffffffffffffff, task name=JoinShuffleReduce(num_partitions=200)->MapBatches(apply_udf)->MapBatches(speed_filter)->MapBatches(to_output)->Write, required resources={memory: 1.42252e+09, CPU: 1}, pid=144458, actual memory used=2.15GB, worker ID=b5b29f7967791b16b667d42252c7df1e82c398760671156432727017)
]
Total non-selected idle workers: 1
Total non-selected idle workers USS bytes: 0.04GB
To see more information about memory usage on this node, use `ray logs raylet.out -ip 172.21.0.3`
Top 10 memory users: PID	MEM(GB)	COMMAND
144458	2.15	ray::JoinShuffleReduce(num_partitions=200)->MapBatches(apply_udf)->MapBatches(speed_filter)->MapBatc...
144457	2.08	ray::JoinShuffleReduce(num_partitions=200)->MapBatches(apply_udf)->MapBatches(speed_filter)->MapBatc...
144559	0.98	ray::JoinShuffleReduce(num_partitions=200)->MapBatches(apply_udf)->MapBatches(speed_filter)->MapBatc...
144558	0.75	ray::JoinShuffleReduce(num_partitions=200)->MapBatches(apply_udf)->MapBatches(speed_filter)->MapBatc...
48	0.62	/usr/local/lib/python3.13/site-packages/ray/core/src/ray/raylet/raylet --raylet_socket_name=/tmp/ray...
144560	0.58	ray::JoinShuffleReduce(num_partitions=200)->MapBatches(apply_udf)->MapBatches(speed_filter)->MapBatc...
144761	0.04	ray::IDLE
144762	0.04	ray::IDLE
91	0.02	ray::DashboardAgent
93	0.01	ray::RuntimeEnvAgent
Refer to the documentation on how to address the out of memory issue: https://docs.ray.io/en/latest/ray-observability/user-guides/debug-apps/debug-memory.html. Consider provisioning more memory on this node or reducing task parallelism by requesting more CPUs per task. To adjust the kill threshold, set the environment variable `RAY_memory_usage_threshold` when starting Ray. To disable worker killing, set the environment variable `RAY_memory_monitor_refresh_ms` to zero. Since 2.56, Ray updated the oom killing policy to enabling killing multiple workers and selecting workers based on the time since the task start executing. To revert to the legacy policy of determining worker to oom kill based on owner group size or only selecting a single worker to kill at a time, set the environment variable `RAY_worker_killing_policy_by_group` to true before starting Ray. If the idle workers have a non-trivial memory footprint at the time of OOM (check OOM log for non-selected idle workers), consider setting the environment variable `RAY_idle_worker_killing_memory_threshold_bytes` to a lower value to consider idle workers with lower memory footprint for killing.
[33m(raylet)[0m Task _shuffle_reduce_task failed due to oom. There are infinite oom retries remaining, so the task will be retried. Error: 3 worker(s) were killed due to the node running low on memory. Memory on the node (IP: 172.21.0.4, ID: 6d4f060467f644eee7a82eeab777caf931596072d32ddb2b54bd8963) was 7.97GB / 8.00GB (0.996301)
OOM kill reason: Memory usage 8236761088B exceeded threshold of 8160437760B (95.0% of 8589934592B total)
Object store memory usage: [- objects spillable: 21
- bytes spillable: 100499747
- objects unsealed: 0
- bytes unsealed: 0
- objects in use: 22
- bytes in use: 100816499
- objects evictable: 128
- bytes evictable: 1014722827

- objects created by worker: 22
- bytes created by worker: 108564749
- objects restored: 47
- bytes restored: 323084989
- objects received: 81
- bytes received: 683889588
- objects errored: 0
- bytes errored: 0

Eviction Stats:
(global lru) capacity: 2500000000
(global lru) used: 40.5889%
(global lru) num objects: 128
(global lru) num evictions: 12854
(global lru) bytes evicted: 166400573174]
Ray killed 3 worker(s) based on the killing policy
Considered workers: [
Selected to kill: (Task: job ID=04000000, lease ID=030a000004000000ffffffffffffffffffffffffffffffffffffffffffffffff, task name=JoinShuffleReduce(num_partitions=200)->MapBatches(apply_udf)->MapBatches(speed_filter)->MapBatches(to_output)->Write, required resources={memory: 1.3593e+08, CPU: 1}, pid=149159, actual memory used=0.10GB, worker ID=1fd698e989b891ddd0502731c3eef6c55f22114e77080483422971cf)
Selected to kill: (Task: job ID=04000000, lease ID=ff09000004000000ffffffffffffffffffffffffffffffffffffffffffffffff, task name=JoinShuffleReduce(num_partitions=200)->MapBatches(apply_udf)->MapBatches(speed_filter)->MapBatches(to_output)->Write, required resources={CPU: 1, memory: 9.38461e+06}, pid=149158, actual memory used=0.10GB, worker ID=d798e440d92aadd61e7ff499f4c1e06b0582aea4fe16136274ca437b)
Selected to kill: (Task: job ID=04000000, lease ID=fb09000004000000ffffffffffffffffffffffffffffffffffffffffffffffff, task name=JoinShuffleReduce(num_partitions=200)->MapBatches(apply_udf)->MapBatches(speed_filter)->MapBatches(to_output)->Write, required resources={CPU: 1, memory: 1.00847e+08}, pid=148709, actual memory used=0.64GB, worker ID=86cd719e679f2468f3dac72a62ed5731c5f3bece9c2d3fb4a5d2dbce)
(Task: job ID=04000000, lease ID=c909000004000000ffffffffffffffffffffffffffffffffffffffffffffffff, task name=JoinShuffleReduce(num_partitions=200)->MapBatches(apply_udf)->MapBatches(speed_filter)->MapBatches(to_output)->Write, required resources={memory: 2.26478e+09, CPU: 1}, pid=148647, actual memory used=3.51GB, worker ID=3493c5fa3ba2509263bfbe6e46cb853f27450907c0423b22ee83b1cc)
(Task: job ID=04000000, lease ID=eb09000004000000ffffffffffffffffffffffffffffffffffffffffffffffff, task name=JoinShuffleReduce(num_partitions=200)->MapBatches(apply_udf)->MapBatches(speed_filter)->MapBatches(to_output)->Write, required resources={CPU: 1, memory: 2.61967e+09}, pid=148873, actual memory used=1.54GB, worker ID=82e24e867bd8b1df52be03b3a4afb4d92f95f7a93c39928cf21f2356)
]
Total non-selected idle workers: 1
Total non-selected idle workers USS bytes: 0.04GB
To see more information about memory usage on this node, use `ray logs raylet.out -ip 172.21.0.4`
Top 10 memory users: PID	MEM(GB)	COMMAND
148647	3.51	ray::JoinShuffleReduce(num_partitions=200)->MapBatches(apply_udf)->MapBatches(speed_filter)->MapBatc...
148873	1.54	ray::JoinShuffleReduce(num_partitions=200)->MapBatches(apply_udf)->MapBatches(speed_filter)->MapBatc...
148709	0.64	ray::IDLE
48	0.37	/usr/local/lib/python3.13/site-packages/ray/core/src/ray/raylet/raylet --raylet_socket_name=/tmp/ray...
149158	0.10	ray::JoinShuffleReduce(num_partitions=200)->MapBatches(apply_udf)->MapBatches(speed_filter)->MapBatc...
149159	0.10	ray::JoinShuffleReduce(num_partitions=200)->MapBatches(apply_udf)->MapBatches(speed_filter)->MapBatc...
149160	0.04	ray::IDLE
23189	0.03	ray::IDLE_RestoreWorker
23830	0.02	ray::IDLE_RestoreWorker
91	0.02	ray::DashboardAgent
Refer to the documentation on how to address the out of memory issue: https://docs.ray.io/en/latest/ray-observability/user-guides/debug-apps/debug-memory.html. Consider provisioning more memory on this node or reducing task parallelism by requesting more CPUs per task. To adjust the kill threshold, set the environment variable `RAY_memory_usage_threshold` when starting Ray. To disable worker killing, set the environment variable `RAY_memory_monitor_refresh_ms` to zero. Since 2.56, Ray updated the oom killing policy to enabling killing multiple workers and selecting workers based on the time since the task start executing. To revert to the legacy policy of determining worker to oom kill based on owner group size or only selecting a single worker to kill at a time, set the environment variable `RAY_worker_killing_policy_by_group` to true before starting Ray. If the idle workers have a non-trivial memory footprint at the time of OOM (check OOM log for non-selected idle workers), consider setting the environment variable `RAY_idle_worker_killing_memory_threshold_bytes` to a lower value to consider idle workers with lower memory footprint for killing.
[33m(raylet)[0m Task _shuffle_reduce_task failed due to oom. There are infinite oom retries remaining, so the task will be retried. Error: 2 worker(s) were killed due to the node running low on memory. Memory on the node (IP: 172.21.0.4, ID: 6d4f060467f644eee7a82eeab777caf931596072d32ddb2b54bd8963) was 7.97GB / 8.00GB (0.996517)
OOM kill reason: Memory usage 8334422016B exceeded threshold of 8160437760B (95.0% of 8589934592B total)
Object store memory usage: [- objects spillable: 19
- bytes spillable: 99513637
- objects unsealed: 0
- bytes unsealed: 0
- objects in use: 19
- bytes in use: 99513637
- objects evictable: 109
- bytes evictable: 1002970839

- objects created by worker: 20
- bytes created by worker: 107578639
- objects restored: 36
- bytes restored: 314670536
- objects received: 72
- bytes received: 680235301
- objects errored: 0
- bytes errored: 0

Eviction Stats:
(global lru) capacity: 2500000000
(global lru) used: 40.1188%
(global lru) num objects: 109
(global lru) num evictions: 12854
(global lru) bytes evicted: 166400573174]
Ray killed 2 worker(s) based on the killing policy
Considered workers: [
Selected to kill: (Task: job ID=04000000, lease ID=070a000004000000ffffffffffffffffffffffffffffffffffffffffffffffff, task name=JoinShuffleReduce(num_partitions=200)->MapBatches(apply_udf)->MapBatches(speed_filter)->MapBatches(to_output)->Write, required resources={CPU: 1, memory: 7.45253e+08}, pid=149160, actual memory used=0.10GB, worker ID=d7d2fa44e1c0861192f02f14e9067c9e1cb9b5d5598fad8c78de1cbb)
Selected to kill: (Task: job ID=04000000, lease ID=eb09000004000000ffffffffffffffffffffffffffffffffffffffffffffffff, task name=JoinShuffleReduce(num_partitions=200)->MapBatches(apply_udf)->MapBatches(speed_filter)->MapBatches(to_output)->Write, required resources={CPU: 1, memory: 2.61967e+09}, pid=148873, actual memory used=2.29GB, worker ID=82e24e867bd8b1df52be03b3a4afb4d92f95f7a93c39928cf21f2356)
(Task: job ID=04000000, lease ID=c909000004000000ffffffffffffffffffffffffffffffffffffffffffffffff, task name=JoinShuffleReduce(num_partitions=200)->MapBatches(apply_udf)->MapBatches(speed_filter)->MapBatches(to_output)->Write, required resources={memory: 2.26478e+09, CPU: 1}, pid=148647, actual memory used=3.65GB, worker ID=3493c5fa3ba2509263bfbe6e46cb853f27450907c0423b22ee83b1cc)
]
Total non-selected idle workers: 0
Total non-selected idle workers USS bytes: 0.00GB
To see more information about memory usage on this node, use `ray logs raylet.out -ip 172.21.0.4`
Top 10 memory users: PID	MEM(GB)	COMMAND
148647	3.65	ray::JoinShuffleReduce(num_partitions=200)->MapBatches(apply_udf)->MapBatches(speed_filter)->MapBatc...
148873	2.29	ray::JoinShuffleReduce(num_partitions=200)->MapBatches(apply_udf)->MapBatches(speed_filter)->MapBatc...
48	0.37	/usr/local/lib/python3.13/site-packages/ray/core/src/ray/raylet/raylet --raylet_socket_name=/tmp/ray...
149160	0.10	ray::JoinShuffleReduce(num_partitions=200)->MapBatches(apply_udf)->MapBatches(speed_filter)->MapBatc...
23189	0.03	ray::IDLE_RestoreWorker
23830	0.02	ray::IDLE_RestoreWorker
91	0.02	ray::DashboardAgent
23235	0.01	ray::IDLE_RestoreWorker
93	0.01	ray::RuntimeEnvAgent
23831	0.00	ray::IDLE_RestoreWorker
Refer to the documentation on how to address the out of memory issue: https://docs.ray.io/en/latest/ray-observability/user-guides/debug-apps/debug-memory.html. Consider provisioning more memory on this node or reducing task parallelism by requesting more CPUs per task. To adjust the kill threshold, set the environment variable `RAY_memory_usage_threshold` when starting Ray. To disable worker killing, set the environment variable `RAY_memory_monitor_refresh_ms` to zero. Since 2.56, Ray updated the oom killing policy to enabling killing multiple workers and selecting workers based on the time since the task start executing. To revert to the legacy policy of determining worker to oom kill based on owner group size or only selecting a single worker to kill at a time, set the environment variable `RAY_worker_killing_policy_by_group` to true before starting Ray. If the idle workers have a non-trivial memory footprint at the time of OOM (check OOM log for non-selected idle workers), consider setting the environment variable `RAY_idle_worker_killing_memory_threshold_bytes` to a lower value to consider idle workers with lower memory footprint for killing.
[33m(raylet, ip=172.21.0.4)[0m [2026-10-04 23:43:33,914 E 48 48] (raylet) node_manager.cc:3496: 29 Workers (tasks / actors) killed due to memory pressure (OOM), 0 Workers crashed due to other reasons at node (ID: 6d4f060467f644eee7a82eeab777caf931596072d32ddb2b54bd8963, IP: 172.21.0.4) over the last time period. To see more information about the Workers killed on this node, use `ray logs raylet.out -ip 172.21.0.4`
[33m(raylet, ip=172.21.0.4)[0m Refer to the documentation on how to address the out of memory issue: https://docs.ray.io/en/latest/ray-observability/user-guides/debug-apps/debug-memory.html. Consider provisioning more memory on this node or reducing task parallelism by requesting more CPUs per task. To adjust the kill threshold, set the environment variable `RAY_memory_usage_threshold` when starting Ray. To disable worker killing, set the environment variable `RAY_memory_monitor_refresh_ms` to zero. Since 2.56, Ray updated the oom killing policy to enabling killing multiple workers and selecting workers based on the time since the task start executing. To revert to the legacy policy of determining worker to oom kill based on owner group size or only selecting a single worker to kill at a time, set the environment variable `RAY_worker_killing_policy_by_group` to true before starting Ray. If the idle workers have a non-trivial memory footprint at the time of OOM (check OOM log for non-selected idle workers), consider setting the environment variable `RAY_idle_worker_killing_memory_threshold_bytes` to a lower value to consider idle workers with lower memory footprint for killing.
